Study.Phase,Site,Tran,Dist,Replicate,Date.placed.in.field,Date.removed.from.field,Year,Flux,Filter_Num,RB_Num,Flood_Obsv,Bio_Obsv,Drop_Obsv,OpenBag_Obsv,Position_Obsv,DryTime_Obsv,NegValue_Num,Master_Flag,marsh_edge_type,marsh_orientation,Phen_Period,Marsh_Area,Point_ID,Elevation_m,z_star
M1,SanPablo,T1,0.5,a,2025-07-11,2025-08-08,2025,NA,1,0,0,1,0,0,0,0,0,Review,Ramped,South.facing,"Late_Dry
(Months 1-3)",Edge,S1-0.5a,1.706273812547625,0.771628722
M1,SanPablo,T1,0.5,b,2025-07-11,2025-08-08,2025,NA,1,0,0,0,0,0,0,0,0,Review,Ramped,South.facing,"Late_Dry
(Months 1-3)",Edge,S1-0.5b,1.722733045466091,0.790542907
M1,SanPablo,T1,0.5,c,2025-07-11,2025-08-08,2025,NA,1,0,0,0,0,0,0,0,0,Review,Ramped,South.facing,"Late_Dry
(Months 1-3)",Edge,S1-0.5c,1.723037846075692,0.79089317
M1,SanPablo,T1,2,a,2025-07-11,2025-08-08,2025,6.530798188,0,0,0,1,0,0,0,0,0,Review,Ramped,South.facing,"Late_Dry
(Months 1-3)",Edge,S1-2a,1.6913385826771654,0.754465849
M1,SanPablo,T1,2,b,2025-07-11,2025-08-08,2025,24.21625267,0,0,0,0,0,0,0,0,0,OK,Ramped,South.facing,"Late_Dry
(Months 1-3)",Edge,S1-2b,1.7202946405892812,0.787740806
M1,SanPablo,T1,2,c,2025-07-11,2025-08-08,2025,27.01895158,0,0,0,0,0,0,0,0,0,OK,Ramped,South.facing,"Late_Dry
(Months 1-3)",Edge,S1-2c,1.7550419100838202,0.827670753
M1,SanPablo,T1,6,a,2025-07-11,2025-08-08,2025,4.954013393,0,0,0,0,0,0,0,0,0,OK,Ramped,South.facing,"Late_Dry
(Months 1-3)",Edge,S1-6a,1.8266700533401063,0.909982487
M1,SanPablo,T1,6,b,2025-07-11,2025-08-08,2025,7.274849887,1,0,0,0,0,0,0,0,0,Review,Ramped,South.facing,"Late_Dry
(Months 1-3)",Edge,S1-6b,1.8254508509017016,0.908581436
M1,SanPablo,T1,6,c,2025-07-11,2025-08-08,2025,10.92880786,1,0,0,0,0,0,0,0,0,Review,Ramped,South.facing,"Late_Dry
(Months 1-3)",Edge,S1-6c,1.83002286004572,0.913835377
M1,SanPablo,T1,12,a,2025-07-11,2025-08-08,2025,2.547714157,0,0,0,0,0,0,0,0,0,OK,Ramped,South.facing,"Late_Dry
(Months 1-3)",Platform,S1-12a,1.877266954533909,0.968126095
M1,SanPablo,T1,12,b,2025-07-11,2025-08-08,2025,2.299802965,0,0,0,0,0,0,0,0,0,OK,Ramped,South.facing,"Late_Dry
(Months 1-3)",Platform,S1-12b,1.889763779527559,0.982486865
M1,SanPablo,T1,12,c,2025-07-11,2025-08-08,2025,4.687351672,0,0,0,0,0,0,0,0,0,OK,Ramped,South.facing,"Late_Dry
(Months 1-3)",Platform,S1-12c,1.8851917703835408,0.977232925
M1,SanPablo,T1,24,a,2025-07-11,2025-08-08,2025,2.709563787,0,0,0,0,0,0,0,0,0,OK,Ramped,South.facing,"Late_Dry
(Months 1-3)",Platform,S1-24a,1.9751079502159004,1.08056042
M1,SanPablo,T1,24,b,2025-07-11,2025-08-08,2025,3.67403713,0,0,0,0,0,0,0,0,0,OK,Ramped,South.facing,"Late_Dry
(Months 1-3)",Platform,S1-24b,1.984861569723139,1.091768827
M1,SanPablo,T1,24,c,2025-07-11,2025-08-08,2025,3.349158944,0,0,0,0,0,0,0,0,0,OK,Ramped,South.facing,"Late_Dry
(Months 1-3)",Platform,S1-24c,1.9751079502159004,1.08056042
M1,SanPablo,T1,48,a,2025-07-11,2025-08-08,2025,1.80976293,0,0,0,0,0,0,0,0,0,OK,Ramped,South.facing,"Late_Dry
(Months 1-3)",Upland,S1-48a,2.013208026416053,1.124343257
M1,SanPablo,T1,48,b,2025-07-11,2025-08-08,2025,2.644554467,0,0,0,0,0,0,0,0,0,OK,Ramped,South.facing,"Late_Dry
(Months 1-3)",Upland,S1-48b,2.0159512319024637,1.127495622
M1,SanPablo,T1,48,c,2025-07-11,2025-08-08,2025,2.149125058,0,0,0,0,0,0,0,0,0,OK,Ramped,South.facing,"Late_Dry
(Months 1-3)",Upland,S1-48c,2.0144272288544576,1.125744308
M1,SanPablo,T2,0.5,a,2025-07-11,2025-08-08,2025,NA,1,0,0,0,0,0,0,0,0,Review,Ramped,South.facing,"Late_Dry
(Months 1-3)",Edge,S2-0.5a,1.727305054610109,0.795796848
M1,SanPablo,T2,0.5,b,2025-07-11,2025-08-08,2025,NA,1,0,0,0,0,0,0,0,0,Review,Ramped,South.facing,"Late_Dry
(Months 1-3)",Edge,S2-0.5b,1.7297434594869188,0.798598949
M1,SanPablo,T2,0.5,c,2025-07-11,2025-08-08,2025,NA,1,0,0,0,0,0,0,0,1,Review,Ramped,South.facing,"Late_Dry
(Months 1-3)",Edge,S2-0.5c,1.721818643637287,0.789492119
M1,SanPablo,T2,2,a,2025-07-11,2025-08-08,2025,42.4775842,1,0,0,0,0,0,0,0,0,Review,Ramped,South.facing,"Late_Dry
(Months 1-3)",Edge,S2-2a,1.7401066802133602,0.810507881
M1,SanPablo,T2,2,b,2025-07-11,2025-08-08,2025,NA,1,0,0,0,0,0,0,0,0,Review,Ramped,South.facing,"Late_Dry
(Months 1-3)",Edge,S2-2b,1.751993903987808,0.824168126
M1,SanPablo,T2,2,c,2025-07-11,2025-08-08,2025,22.4179983,1,0,0,0,0,0,0,0,0,Review,Ramped,South.facing,"Late_Dry
(Months 1-3)",Edge,S2-2c,1.750469900939802,0.822416813
M1,SanPablo,T2,6,a,2025-07-11,2025-08-08,2025,3.992739992,1,0,0,0,0,0,0,0,0,Review,Ramped,South.facing,"Late_Dry
(Months 1-3)",Edge,S2-6a,1.8239268478536956,0.906830123
M1,SanPablo,T2,6,b,2025-07-11,2025-08-08,2025,NA,1,0,0,0,0,0,0,0,0,Review,Ramped,South.facing,"Late_Dry
(Months 1-3)",Edge,S2-6b,1.8135636271272544,0.894921191
M1,SanPablo,T2,6,c,2025-07-11,2025-08-08,2025,6.085894157,1,0,0,0,0,0,0,0,0,Review,Ramped,South.facing,"Late_Dry
(Months 1-3)",Edge,S2-6c,1.8083820167640337,0.888966725
M1,SanPablo,T2,12,a,2025-07-11,2025-08-08,2025,8.406075692,0,0,0,0,0,0,0,0,0,OK,Ramped,South.facing,"Late_Dry
(Months 1-3)",Platform,S2-12a,1.899517399034798,0.993695271
M1,SanPablo,T2,12,b,2025-07-11,2025-08-08,2025,8.975328293,0,0,0,0,0,0,0,0,0,OK,Ramped,South.facing,"Late_Dry
(Months 1-3)",Platform,S2-12b,1.8912877825755652,0.984238179
M1,SanPablo,T2,12,c,2025-07-11,2025-08-08,2025,7.346614638,0,0,0,0,0,0,0,0,0,OK,Ramped,South.facing,"Late_Dry
(Months 1-3)",Platform,S2-12c,1.8836677673355344,0.975481611
M1,SanPablo,T2,24,a,2025-07-11,2025-08-08,2025,3.535092338,0,0,0,0,0,0,0,0,0,OK,Ramped,South.facing,"Late_Dry
(Months 1-3)",Platform,S2-24a,2.0001016002032004,1.109281961
M1,SanPablo,T2,24,b,2025-07-11,2025-08-08,2025,2.837168439,0,0,0,0,0,0,0,0,0,OK,Ramped,South.facing,"Late_Dry
(Months 1-3)",Platform,S2-24b,1.9979679959359915,1.106830123
M1,SanPablo,T2,24,c,2025-07-11,2025-08-08,2025,2.099104933,0,0,0,0,0,0,0,0,0,OK,Ramped,South.facing,"Late_Dry
(Months 1-3)",Platform,S2-24c,1.9915671831343664,1.099474606
M1,SanPablo,T2,48,a,2025-07-11,2025-08-08,2025,3.15104332,0,0,0,0,0,0,0,0,0,OK,Ramped,South.facing,"Late_Dry
(Months 1-3)",Upland,S2-48a,2.0138176276352553,1.125043783
M1,SanPablo,T2,48,b,2025-07-11,2025-08-08,2025,3.240136404,0,0,0,0,0,0,0,0,0,OK,Ramped,South.facing,"Late_Dry
(Months 1-3)",Upland,S2-48b,2.022961645923292,1.135551664
M1,SanPablo,T2,48,c,2025-07-11,2025-08-08,2025,2.801744534,0,0,0,0,0,0,0,0,0,OK,Ramped,South.facing,"Late_Dry
(Months 1-3)",Upland,S2-48c,2.0205232410464817,1.132749562
M2,SanPablo,T1,0.5,a,2025-08-08,2025-09-08,2025,61.00069876,1,0,0,0,0,0,0,0,0,Review,Ramped,South.facing,"Late_Dry
(Months 1-3)",Edge,S1-0.5a,1.706273812547625,0.771628722
M2,SanPablo,T1,0.5,b,2025-08-08,2025-09-08,2025,NA,1,0,0,0,0,0,0,0,0,Review,Ramped,South.facing,"Late_Dry
(Months 1-3)",Edge,S1-0.5b,1.722733045466091,0.790542907
M2,SanPablo,T1,0.5,c,2025-08-08,2025-09-08,2025,NA,1,0,0,0,0,0,0,0,1,Review,Ramped,South.facing,"Late_Dry
(Months 1-3)",Edge,S1-0.5c,1.723037846075692,0.79089317
M2,SanPablo,T1,2,a,2025-08-08,2025-09-08,2025,12.37816004,0,0,0,0,0,0,0,0,0,OK,Ramped,South.facing,"Late_Dry
(Months 1-3)",Edge,S1-2a,1.6913385826771654,0.754465849
M2,SanPablo,T1,2,b,2025-08-08,2025-09-08,2025,28.59662555,0,0,0,0,0,0,0,0,0,OK,Ramped,South.facing,"Late_Dry
(Months 1-3)",Edge,S1-2b,1.7202946405892812,0.787740806
M2,SanPablo,T1,2,c,2025-08-08,2025-09-08,2025,24.94170295,0,0,0,0,0,0,0,0,0,OK,Ramped,South.facing,"Late_Dry
(Months 1-3)",Edge,S1-2c,1.7550419100838202,0.827670753
M2,SanPablo,T1,6,a,2025-08-08,2025-09-08,2025,4.013569486,0,0,0,0,0,0,0,0,0,OK,Ramped,South.facing,"Late_Dry
(Months 1-3)",Edge,S1-6a,1.8266700533401063,0.909982487
M2,SanPablo,T1,6,b,2025-08-08,2025-09-08,2025,3.550771504,0,0,0,0,0,0,0,0,0,OK,Ramped,South.facing,"Late_Dry
(Months 1-3)",Edge,S1-6b,1.8254508509017016,0.908581436
M2,SanPablo,T1,6,c,2025-08-08,2025-09-08,2025,6.33587526,1,0,0,0,0,0,0,0,0,Review,Ramped,South.facing,"Late_Dry
(Months 1-3)",Edge,S1-6c,1.83002286004572,0.913835377
M2,SanPablo,T1,12,a,2025-08-08,2025-09-08,2025,1.978211645,0,0,0,0,0,0,0,0,0,OK,Ramped,South.facing,"Late_Dry
(Months 1-3)",Platform,S1-12a,1.877266954533909,0.968126095
M2,SanPablo,T1,12,b,2025-08-08,2025-09-08,2025,1.896675636,0,0,0,0,0,0,0,0,0,OK,Ramped,South.facing,"Late_Dry
(Months 1-3)",Platform,S1-12b,1.889763779527559,0.982486865
M2,SanPablo,T1,12,c,2025-08-08,2025-09-08,2025,2.225253584,0,0,0,0,0,0,0,0,0,OK,Ramped,South.facing,"Late_Dry
(Months 1-3)",Platform,S1-12c,1.8851917703835408,0.977232925
M2,SanPablo,T1,24,a,2025-08-08,2025-09-08,2025,2.02775187,0,0,0,0,0,0,0,0,0,OK,Ramped,South.facing,"Late_Dry
(Months 1-3)",Platform,S1-24a,1.9751079502159004,1.08056042
M2,SanPablo,T1,24,b,2025-08-08,2025-09-08,2025,2.154112402,0,0,0,0,0,0,0,0,0,OK,Ramped,South.facing,"Late_Dry
(Months 1-3)",Platform,S1-24b,1.984861569723139,1.091768827
M2,SanPablo,T1,24,c,2025-08-08,2025-09-08,2025,1.330740687,0,0,0,0,0,0,0,0,0,OK,Ramped,South.facing,"Late_Dry
(Months 1-3)",Platform,S1-24c,1.9751079502159004,1.08056042
M2,SanPablo,T1,48,a,2025-08-08,2025-09-08,2025,0.815715037,0,0,0,0,0,0,0,0,0,OK,Ramped,South.facing,"Late_Dry
(Months 1-3)",Upland,S1-48a,2.013208026416053,1.124343257
M2,SanPablo,T1,48,b,2025-08-08,2025-09-08,2025,1.973140998,0,0,0,0,0,0,0,0,0,OK,Ramped,South.facing,"Late_Dry
(Months 1-3)",Upland,S1-48b,2.0159512319024637,1.127495622
M2,SanPablo,T1,48,c,2025-08-08,2025-09-08,2025,1.074115225,0,0,0,0,0,0,0,0,0,OK,Ramped,South.facing,"Late_Dry
(Months 1-3)",Upland,S1-48c,2.0144272288544576,1.125744308
M2,SanPablo,T2,0.5,a,2025-08-08,2025-09-08,2025,4.539192789,1,0,0,0,0,0,0,0,0,Review,Ramped,South.facing,"Late_Dry
(Months 1-3)",Edge,S2-0.5a,1.727305054610109,0.795796848
M2,SanPablo,T2,0.5,b,2025-08-08,2025-09-08,2025,18.2150329,1,0,0,0,0,0,0,0,0,Review,Ramped,South.facing,"Late_Dry
(Months 1-3)",Edge,S2-0.5b,1.7297434594869188,0.798598949
M2,SanPablo,T2,0.5,c,2025-08-08,2025-09-08,2025,9.070982434,1,0,0,0,0,0,0,0,0,Review,Ramped,South.facing,"Late_Dry
(Months 1-3)",Edge,S2-0.5c,1.721818643637287,0.789492119
M2,SanPablo,T2,2,a,2025-08-08,2025-09-08,2025,61.06038028,0,0,0,0,0,0,0,0,0,OK,Ramped,South.facing,"Late_Dry
(Months 1-3)",Edge,S2-2a,1.7401066802133602,0.810507881
M2,SanPablo,T2,2,b,2025-08-08,2025-09-08,2025,30.66473977,0,0,0,0,0,0,0,0,0,OK,Ramped,South.facing,"Late_Dry
(Months 1-3)",Edge,S2-2b,1.751993903987808,0.824168126
M2,SanPablo,T2,2,c,2025-08-08,2025-09-08,2025,24.38377962,0,0,0,0,0,0,0,0,0,OK,Ramped,South.facing,"Late_Dry
(Months 1-3)",Edge,S2-2c,1.750469900939802,0.822416813
M2,SanPablo,T2,6,a,2025-08-08,2025-09-08,2025,2.192852147,1,0,0,0,0,0,0,0,0,Review,Ramped,South.facing,"Late_Dry
(Months 1-3)",Edge,S2-6a,1.8239268478536956,0.906830123
M2,SanPablo,T2,6,b,2025-08-08,2025-09-08,2025,4.421705891,1,0,0,0,0,0,0,0,0,Review,Ramped,South.facing,"Late_Dry
(Months 1-3)",Edge,S2-6b,1.8135636271272544,0.894921191
M2,SanPablo,T2,6,c,2025-08-08,2025-09-08,2025,6.49935293,0,0,0,0,0,0,0,0,0,OK,Ramped,South.facing,"Late_Dry
(Months 1-3)",Edge,S2-6c,1.8083820167640337,0.888966725
M2,SanPablo,T2,12,a,2025-08-08,2025-09-08,2025,3.04127286,0,0,0,0,0,0,0,0,0,OK,Ramped,South.facing,"Late_Dry
(Months 1-3)",Platform,S2-12a,1.899517399034798,0.993695271
M2,SanPablo,T2,12,b,2025-08-08,2025-09-08,2025,3.9949095039999998,0,0,0,0,0,0,0,0,0,OK,Ramped,South.facing,"Late_Dry
(Months 1-3)",Platform,S2-12b,1.8912877825755652,0.984238179
M2,SanPablo,T2,12,c,2025-08-08,2025-09-08,2025,NA,1,0,0,0,0,0,0,0,0,Review,Ramped,South.facing,"Late_Dry
(Months 1-3)",Platform,S2-12c,1.8836677673355344,0.975481611
M2,SanPablo,T2,24,a,2025-08-08,2025-09-08,2025,NA,1,0,0,0,0,0,0,0,0,Review,Ramped,South.facing,"Late_Dry
(Months 1-3)",Platform,S2-24a,2.0001016002032004,1.109281961
M2,SanPablo,T2,24,b,2025-08-08,2025-09-08,2025,NA,1,0,0,0,0,0,0,0,0,Review,Ramped,South.facing,"Late_Dry
(Months 1-3)",Platform,S2-24b,1.9979679959359915,1.106830123
M2,SanPablo,T2,24,c,2025-08-08,2025-09-08,2025,NA,1,0,0,0,0,0,0,0,0,Review,Ramped,South.facing,"Late_Dry
(Months 1-3)",Platform,S2-24c,1.9915671831343664,1.099474606
M2,SanPablo,T2,48,a,2025-08-08,2025-09-08,2025,2.252178721,0,0,0,0,0,0,0,0,0,OK,Ramped,South.facing,"Late_Dry
(Months 1-3)",Upland,S2-48a,2.0138176276352553,1.125043783
M2,SanPablo,T2,48,b,2025-08-08,2025-09-08,2025,3.409655389,0,0,0,0,0,0,0,0,0,OK,Ramped,South.facing,"Late_Dry
(Months 1-3)",Upland,S2-48b,2.022961645923292,1.135551664
M2,SanPablo,T2,48,c,2025-08-08,2025-09-08,2025,2.236206182,0,0,0,0,0,0,0,0,0,OK,Ramped,South.facing,"Late_Dry
(Months 1-3)",Upland,S2-48c,2.0205232410464817,1.132749562
M3,SanPablo,T1,0.5,a,2025-09-08,2025-10-06,2025,30.40695892,0,0,0,0,0,0,0,0,0,OK,Ramped,South.facing,"Late_Dry
(Months 1-3)",Edge,S1-0.5a,1.706273812547625,0.771628722
M3,SanPablo,T1,0.5,b,2025-09-08,2025-10-06,2025,24.99181724,0,0,0,0,0,0,0,0,0,OK,Ramped,South.facing,"Late_Dry
(Months 1-3)",Edge,S1-0.5b,1.722733045466091,0.790542907
M3,SanPablo,T1,0.5,c,2025-09-08,2025-10-06,2025,26.08591625,0,0,0,0,0,0,0,0,0,OK,Ramped,South.facing,"Late_Dry
(Months 1-3)",Edge,S1-0.5c,1.723037846075692,0.79089317
M3,SanPablo,T1,2,a,2025-09-08,2025-10-06,2025,30.16307105,1,0,0,0,0,0,0,0,0,Review,Ramped,South.facing,"Late_Dry
(Months 1-3)",Edge,S1-2a,1.6913385826771654,0.754465849
M3,SanPablo,T1,2,b,2025-09-08,2025-10-06,2025,34.47290458,0,0,0,0,0,0,0,0,0,OK,Ramped,South.facing,"Late_Dry
(Months 1-3)",Edge,S1-2b,1.7202946405892812,0.787740806
M3,SanPablo,T1,2,c,2025-09-08,2025-10-06,2025,4.752080296,0,0,0,0,0,0,0,0,0,OK,Ramped,South.facing,"Late_Dry
(Months 1-3)",Edge,S1-2c,1.7550419100838202,0.827670753
M3,SanPablo,T1,6,a,2025-09-08,2025-10-06,2025,7.001900562,1,0,0,0,0,0,0,0,0,Review,Ramped,South.facing,"Late_Dry
(Months 1-3)",Edge,S1-6a,1.8266700533401063,0.909982487
M3,SanPablo,T1,6,b,2025-09-08,2025-10-06,2025,3.798217283,0,0,0,0,0,0,0,0,0,OK,Ramped,South.facing,"Late_Dry
(Months 1-3)",Edge,S1-6b,1.8254508509017016,0.908581436
M3,SanPablo,T1,6,c,2025-09-08,2025-10-06,2025,1.092695526,0,0,0,0,0,0,0,0,0,OK,Ramped,South.facing,"Late_Dry
(Months 1-3)",Edge,S1-6c,1.83002286004572,0.913835377
M3,SanPablo,T1,12,a,2025-09-08,2025-10-06,2025,1.490442536,0,0,0,0,0,0,0,0,0,OK,Ramped,South.facing,"Late_Dry
(Months 1-3)",Platform,S1-12a,1.877266954533909,0.968126095
M3,SanPablo,T1,12,b,2025-09-08,2025-10-06,2025,7.695969562,0,0,0,0,0,0,0,0,0,OK,Ramped,South.facing,"Late_Dry
(Months 1-3)",Platform,S1-12b,1.889763779527559,0.982486865
M3,SanPablo,T1,12,c,2025-09-08,2025-10-06,2025,7.777932955,0,0,0,0,0,0,0,0,0,OK,Ramped,South.facing,"Late_Dry
(Months 1-3)",Platform,S1-12c,1.8851917703835408,0.977232925
M3,SanPablo,T1,24,a,2025-09-08,2025-10-06,2025,3.561646232,0,0,0,0,0,0,0,0,0,OK,Ramped,South.facing,"Late_Dry
(Months 1-3)",Platform,S1-24a,1.9751079502159004,1.08056042
M3,SanPablo,T1,24,b,2025-09-08,2025-10-06,2025,4.802100421,0,0,0,0,0,0,0,0,0,OK,Ramped,South.facing,"Late_Dry
(Months 1-3)",Platform,S1-24b,1.984861569723139,1.091768827
M3,SanPablo,T1,24,c,2025-09-08,2025-10-06,2025,4.224988316,0,0,0,0,0,0,0,0,0,OK,Ramped,South.facing,"Late_Dry
(Months 1-3)",Platform,S1-24c,1.9751079502159004,1.08056042
M3,SanPablo,T1,48,a,2025-09-08,2025-10-06,2025,0.623932289,0,0,0,0,0,0,0,0,0,OK,Ramped,South.facing,"Late_Dry
(Months 1-3)",Upland,S1-48a,2.013208026416053,1.124343257
M3,SanPablo,T1,48,b,2025-09-08,2025-10-06,2025,2.12700617,0,0,0,0,0,0,0,0,0,OK,Ramped,South.facing,"Late_Dry
(Months 1-3)",Upland,S1-48b,2.0159512319024637,1.127495622
M3,SanPablo,T1,48,c,2025-09-08,2025-10-06,2025,1.475565619,0,0,0,0,0,0,0,0,0,OK,Ramped,South.facing,"Late_Dry
(Months 1-3)",Upland,S1-48c,2.0144272288544576,1.125744308
M3,SanPablo,T2,0.5,a,2025-09-08,2025-10-06,2025,12.48886314,0,0,0,0,0,0,0,0,0,OK,Ramped,South.facing,"Late_Dry
(Months 1-3)",Edge,S2-0.5a,1.727305054610109,0.795796848
M3,SanPablo,T2,0.5,b,2025-09-08,2025-10-06,2025,24.32359104,0,0,0,0,0,0,0,0,0,OK,Ramped,South.facing,"Late_Dry
(Months 1-3)",Edge,S2-0.5b,1.7297434594869188,0.798598949
M3,SanPablo,T2,0.5,c,2025-09-08,2025-10-06,2025,67.236704,0,0,0,0,0,0,0,0,0,OK,Ramped,South.facing,"Late_Dry
(Months 1-3)",Edge,S2-0.5c,1.721818643637287,0.789492119
M3,SanPablo,T2,2,a,2025-09-08,2025-10-06,2025,16.9866885,0,0,0,0,0,0,0,0,0,OK,Ramped,South.facing,"Late_Dry
(Months 1-3)",Edge,S2-2a,1.7401066802133602,0.810507881
M3,SanPablo,T2,2,b,2025-09-08,2025-10-06,2025,39.68717981,0,0,0,0,0,0,0,0,0,OK,Ramped,South.facing,"Late_Dry
(Months 1-3)",Edge,S2-2b,1.751993903987808,0.824168126
M3,SanPablo,T2,2,c,2025-09-08,2025-10-06,2025,27.12791798,0,0,0,0,0,0,0,0,0,OK,Ramped,South.facing,"Late_Dry
(Months 1-3)",Edge,S2-2c,1.750469900939802,0.822416813
M3,SanPablo,T2,6,a,2025-09-08,2025-10-06,2025,1.941877439,1,0,0,0,0,0,0,0,0,Review,Ramped,South.facing,"Late_Dry
(Months 1-3)",Edge,S2-6a,1.8239268478536956,0.906830123
M3,SanPablo,T2,6,b,2025-09-08,2025-10-06,2025,7.936189669,0,0,0,0,0,0,0,0,0,OK,Ramped,South.facing,"Late_Dry
(Months 1-3)",Edge,S2-6b,1.8135636271272544,0.894921191
M3,SanPablo,T2,6,c,2025-09-08,2025-10-06,2025,7.795167723,0,0,0,0,0,0,0,0,0,OK,Ramped,South.facing,"Late_Dry
(Months 1-3)",Edge,S2-6c,1.8083820167640337,0.888966725
M3,SanPablo,T2,12,a,2025-09-08,2025-10-06,2025,9.786092206,0,0,0,0,0,0,0,0,0,OK,Ramped,South.facing,"Late_Dry
(Months 1-3)",Platform,S2-12a,1.899517399034798,0.993695271
M3,SanPablo,T2,12,b,2025-09-08,2025-10-06,2025,10.14695569,0,0,0,0,0,0,0,0,0,OK,Ramped,South.facing,"Late_Dry
(Months 1-3)",Platform,S2-12b,1.8912877825755652,0.984238179
M3,SanPablo,T2,12,c,2025-09-08,2025-10-06,2025,10.95828099,0,0,0,0,0,0,0,0,0,OK,Ramped,South.facing,"Late_Dry
(Months 1-3)",Platform,S2-12c,1.8836677673355344,0.975481611
M3,SanPablo,T2,24,a,2025-09-08,2025-10-06,2025,3.100293384,0,0,0,0,0,0,0,0,0,OK,Ramped,South.facing,"Late_Dry
(Months 1-3)",Platform,S2-24a,2.0001016002032004,1.109281961
M3,SanPablo,T2,24,b,2025-09-08,2025-10-06,2025,2.040720051,0,0,0,0,0,0,0,0,0,OK,Ramped,South.facing,"Late_Dry
(Months 1-3)",Platform,S2-24b,1.9979679959359915,1.106830123
M3,SanPablo,T2,24,c,2025-09-08,2025-10-06,2025,3.186186528,0,0,0,0,0,0,0,0,0,OK,Ramped,South.facing,"Late_Dry
(Months 1-3)",Platform,S2-24c,1.9915671831343664,1.099474606
M3,SanPablo,T2,48,a,2025-09-08,2025-10-06,2025,2.720903928,0,0,0,0,0,0,0,0,0,OK,Ramped,South.facing,"Late_Dry
(Months 1-3)",Upland,S2-48a,2.0138176276352553,1.125043783
M3,SanPablo,T2,48,b,2025-09-08,2025-10-06,2025,2.604695557,0,0,0,0,0,0,0,0,0,OK,Ramped,South.facing,"Late_Dry
(Months 1-3)",Upland,S2-48b,2.022961645923292,1.135551664
M3,SanPablo,T2,48,c,2025-09-08,2025-10-06,2025,2.204141581,0,0,0,0,0,0,0,0,0,OK,Ramped,South.facing,"Late_Dry
(Months 1-3)",Upland,S2-48c,2.0205232410464817,1.132749562
M4,SanPablo,T1,0.5,a,2025-10-06,2025-11-03,2025,-0.520299123,0,0,0,0,0,0,0,0,1,Review,Ramped,South.facing,"Tran
(Months 4-6)",Edge,S1-0.5a,1.706273812547625,0.771628722
M4,SanPablo,T1,0.5,b,2025-10-06,2025-11-03,2025,-1.200819837,0,0,0,0,0,1,0,0,1,Review,Ramped,South.facing,"Tran
(Months 4-6)",Edge,S1-0.5b,1.722733045466091,0.790542907
M4,SanPablo,T1,0.5,c,2025-10-06,2025-11-03,2025,0.566670193,0,0,0,0,0,0,0,0,0,OK,Ramped,South.facing,"Tran
(Months 4-6)",Edge,S1-0.5c,1.723037846075692,0.79089317
M4,SanPablo,T1,2,a,2025-10-06,2025-11-03,2025,3.528243342,0,0,0,0,0,0,0,0,0,OK,Ramped,South.facing,"Tran
(Months 4-6)",Edge,S1-2a,1.6913385826771654,0.754465849
M4,SanPablo,T1,2,b,2025-10-06,2025-11-03,2025,1.962798689,0,0,0,0,0,0,0,0,0,OK,Ramped,South.facing,"Tran
(Months 4-6)",Edge,S1-2b,1.7202946405892812,0.787740806
M4,SanPablo,T1,2,c,2025-10-06,2025-11-03,2025,-2.182191111,0,0,0,0,0,0,0,0,1,Review,Ramped,South.facing,"Tran
(Months 4-6)",Edge,S1-2c,1.7550419100838202,0.827670753
M4,SanPablo,T1,6,a,2025-10-06,2025-11-03,2025,2.321921853,0,0,0,0,0,0,0,0,0,OK,Ramped,South.facing,"Tran
(Months 4-6)",Edge,S1-6a,1.8266700533401063,0.909982487
M4,SanPablo,T1,6,b,2025-10-06,2025-11-03,2025,2.115666029,0,0,0,0,0,0,0,0,0,OK,Ramped,South.facing,"Tran
(Months 4-6)",Edge,S1-6b,1.8254508509017016,0.908581436
M4,SanPablo,T1,6,c,2025-10-06,2025-11-03,2025,NA,1,0,0,0,0,0,0,0,0,Review,Ramped,South.facing,"Tran
(Months 4-6)",Edge,S1-6c,1.83002286004572,0.913835377
M4,SanPablo,T1,12,a,2025-10-06,2025-11-03,2025,1.200932115,0,0,0,0,0,0,0,0,0,OK,Ramped,South.facing,"Tran
(Months 4-6)",Platform,S1-12a,1.877266954533909,0.968126095
M4,SanPablo,T1,12,b,2025-10-06,2025-11-03,2025,1.048738446,0,0,0,0,0,0,0,0,0,OK,Ramped,South.facing,"Tran
(Months 4-6)",Platform,S1-12b,1.889763779527559,0.982486865
M4,SanPablo,T1,12,c,2025-10-06,2025-11-03,2025,NA,0,0,0,0,0,0,0,0,NA,#VALUE!,Ramped,South.facing,"Tran
(Months 4-6)",Platform,S1-12c,1.8851917703835408,0.977232925
M4,SanPablo,T1,24,a,2025-10-06,2025-11-03,2025,1.342010201,0,0,0,0,0,0,0,0,0,OK,Ramped,South.facing,"Tran
(Months 4-6)",Platform,S1-24a,1.9751079502159004,1.08056042
M4,SanPablo,T1,24,b,2025-10-06,2025-11-03,2025,2.257417786,0,0,0,0,0,0,0,0,0,OK,Ramped,South.facing,"Tran
(Months 4-6)",Platform,S1-24b,1.984861569723139,1.091768827
M4,SanPablo,T1,24,c,2025-10-06,2025-11-03,2025,0.9988306,0,0,0,0,0,0,0,0,0,OK,Ramped,South.facing,"Tran
(Months 4-6)",Platform,S1-24c,1.9751079502159004,1.08056042
M4,SanPablo,T1,48,a,2025-10-06,2025-11-03,2025,0.753726373,0,0,0,0,0,0,0,0,0,OK,Ramped,South.facing,"Tran
(Months 4-6)",Upland,S1-48a,2.013208026416053,1.124343257
M4,SanPablo,T1,48,b,2025-10-06,2025-11-03,2025,1.262123963,0,0,0,0,0,0,0,0,0,OK,Ramped,South.facing,"Tran
(Months 4-6)",Upland,S1-48b,2.0159512319024637,1.127495622
M4,SanPablo,T1,48,c,2025-10-06,2025-11-03,2025,1.220749292,0,0,0,0,0,0,0,0,0,OK,Ramped,South.facing,"Tran
(Months 4-6)",Upland,S1-48c,2.0144272288544576,1.125744308
M4,SanPablo,T2,0.5,a,2025-10-06,2025-11-03,2025,1.549276533,0,0,0,0,0,0,0,0,0,OK,Ramped,South.facing,"Tran
(Months 4-6)",Edge,S2-0.5a,1.727305054610109,0.795796848
M4,SanPablo,T2,0.5,b,2025-10-06,2025-11-03,2025,0.152755062,0,0,0,0,0,0,0,0,0,OK,Ramped,South.facing,"Tran
(Months 4-6)",Edge,S2-0.5b,1.7297434594869188,0.798598949
M4,SanPablo,T2,0.5,c,2025-10-06,2025-11-03,2025,-0.572845517,0,0,0,0,0,0,0,0,1,Review,Ramped,South.facing,"Tran
(Months 4-6)",Edge,S2-0.5c,1.721818643637287,0.789492119
M4,SanPablo,T2,2,a,2025-10-06,2025-11-03,2025,17.61982763,0,0,0,0,0,0,0,0,0,OK,Ramped,South.facing,"Tran
(Months 4-6)",Edge,S2-2a,1.7401066802133602,0.810507881
M4,SanPablo,T2,2,b,2025-10-06,2025-11-03,2025,1.995134931,0,0,0,0,0,0,0,0,0,OK,Ramped,South.facing,"Tran
(Months 4-6)",Edge,S2-2b,1.751993903987808,0.824168126
M4,SanPablo,T2,2,c,2025-10-06,2025-11-03,2025,1.146813821,0,0,0,0,0,0,0,0,0,OK,Ramped,South.facing,"Tran
(Months 4-6)",Edge,S2-2c,1.750469900939802,0.822416813
M4,SanPablo,T2,6,a,2025-10-06,2025-11-03,2025,3.077220127,0,0,0,0,0,0,0,0,0,OK,Ramped,South.facing,"Tran
(Months 4-6)",Edge,S2-6a,1.8239268478536956,0.906830123
M4,SanPablo,T2,6,b,2025-10-06,2025-11-03,2025,2.298399482,0,0,0,0,0,0,0,0,0,OK,Ramped,South.facing,"Tran
(Months 4-6)",Edge,S2-6b,1.8135636271272544,0.894921191
M4,SanPablo,T2,6,c,2025-10-06,2025-11-03,2025,4.883277863,0,0,0,0,0,0,0,0,0,OK,Ramped,South.facing,"Tran
(Months 4-6)",Edge,S2-6c,1.8083820167640337,0.888966725
M4,SanPablo,T2,12,a,2025-10-06,2025-11-03,2025,1.02078107,0,0,0,0,0,0,0,0,0,OK,Ramped,South.facing,"Tran
(Months 4-6)",Platform,S2-12a,1.899517399034798,0.993695271
M4,SanPablo,T2,12,b,2025-10-06,2025-11-03,2025,1.120484484,0,0,0,0,0,0,0,0,0,OK,Ramped,South.facing,"Tran
(Months 4-6)",Platform,S2-12b,1.8912877825755652,0.984238179
M4,SanPablo,T2,12,c,2025-10-06,2025-11-03,2025,1.325729801,0,0,0,0,0,0,0,0,0,OK,Ramped,South.facing,"Tran
(Months 4-6)",Platform,S2-12c,1.8836677673355344,0.975481611
M4,SanPablo,T2,24,a,2025-10-06,2025-11-03,2025,1.508519394,0,0,0,0,0,0,0,0,0,OK,Ramped,South.facing,"Tran
(Months 4-6)",Platform,S2-24a,2.0001016002032004,1.109281961
M4,SanPablo,T2,24,b,2025-10-06,2025-11-03,2025,1.6804741,0,0,0,0,0,0,0,0,0,OK,Ramped,South.facing,"Tran
(Months 4-6)",Platform,S2-24b,1.9979679959359915,1.106830123
M4,SanPablo,T2,24,c,2025-10-06,2025-11-03,2025,1.621976939,0,0,0,0,0,0,0,0,0,OK,Ramped,South.facing,"Tran
(Months 4-6)",Platform,S2-24c,1.9915671831343664,1.099474606
M4,SanPablo,T2,48,a,2025-10-06,2025-11-03,2025,0.664970125,0,0,0,0,0,0,0,0,0,OK,Ramped,South.facing,"Tran
(Months 4-6)",Upland,S2-48a,2.0138176276352553,1.125043783
M4,SanPablo,T2,48,b,2025-10-06,2025-11-03,2025,2.422691914,0,0,0,0,0,0,0,0,0,OK,Ramped,South.facing,"Tran
(Months 4-6)",Upland,S2-48b,2.022961645923292,1.135551664
M4,SanPablo,T2,48,c,2025-10-06,2025-11-03,2025,1.427734927,0,0,0,0,0,0,0,0,0,OK,Ramped,South.facing,"Tran
(Months 4-6)",Upland,S2-48c,2.0205232410464817,1.132749562
M5,SanPablo,T1,0.5,a,2025-11-03,2025-12-02,2025,1.029378128,0,0,0,0,0,0,0,0,0,OK,Ramped,South.facing,"Tran
(Months 4-6)",Edge,S1-0.5a,1.706273812547625,0.771628722
M5,SanPablo,T1,0.5,b,2025-11-03,2025-12-02,2025,0.504742727,0,0,0,0,0,0,0,0,0,OK,Ramped,South.facing,"Tran
(Months 4-6)",Edge,S1-0.5b,1.722733045466091,0.790542907
M5,SanPablo,T1,0.5,c,2025-11-03,2025-12-02,2025,1.126456545,0,0,0,0,0,0,0,0,0,OK,Ramped,South.facing,"Tran
(Months 4-6)",Edge,S1-0.5c,1.723037846075692,0.79089317
M5,SanPablo,T1,2,a,2025-11-03,2025-12-02,2025,1.699116222,0,0,0,0,0,0,0,0,0,OK,Ramped,South.facing,"Tran
(Months 4-6)",Edge,S1-2a,1.6913385826771654,0.754465849
M5,SanPablo,T1,2,b,2025-11-03,2025-12-02,2025,1.41210884,0,0,0,0,1,0,0,0,0,Review,Ramped,South.facing,"Tran
(Months 4-6)",Edge,S1-2b,1.7202946405892812,0.787740806
M5,SanPablo,T1,2,c,2025-11-03,2025-12-02,2025,0.929210112,0,0,0,0,1,0,0,0,0,Review,Ramped,South.facing,"Tran
(Months 4-6)",Edge,S1-2c,1.7550419100838202,0.827670753
M5,SanPablo,T1,6,a,2025-11-03,2025-12-02,2025,4.616997501,0,0,0,0,0,0,0,0,0,OK,Ramped,South.facing,"Tran
(Months 4-6)",Edge,S1-6a,1.8266700533401063,0.909982487
M5,SanPablo,T1,6,b,2025-11-03,2025-12-02,2025,2.852078265,0,0,0,0,0,0,0,0,0,OK,Ramped,South.facing,"Tran
(Months 4-6)",Edge,S1-6b,1.8254508509017016,0.908581436
M5,SanPablo,T1,6,c,2025-11-03,2025-12-02,2025,2.231882144,0,0,0,0,0,0,0,0,0,OK,Ramped,South.facing,"Tran
(Months 4-6)",Edge,S1-6c,1.83002286004572,0.913835377
M5,SanPablo,T1,12,a,2025-11-03,2025-12-02,2025,3.913761662,0,0,0,0,0,0,0,0,0,OK,Ramped,South.facing,"Tran
(Months 4-6)",Platform,S1-12a,1.877266954533909,0.968126095
M5,SanPablo,T1,12,b,2025-11-03,2025-12-02,2025,3.290963774,0,0,0,0,0,0,0,0,0,OK,Ramped,South.facing,"Tran
(Months 4-6)",Platform,S1-12b,1.889763779527559,0.982486865
M5,SanPablo,T1,12,c,2025-11-03,2025-12-02,2025,4.138543458,0,0,0,0,0,0,0,0,0,OK,Ramped,South.facing,"Tran
(Months 4-6)",Platform,S1-12c,1.8851917703835408,0.977232925
M5,SanPablo,T1,24,a,2025-11-03,2025-12-02,2025,13.67531905,0,0,0,1,0,0,0,0,0,Review,Ramped,South.facing,"Tran
(Months 4-6)",Platform,S1-24a,1.9751079502159004,1.08056042
M5,SanPablo,T1,24,b,2025-11-03,2025-12-02,2025,20.89706438,0,0,0,1,0,0,0,0,0,Review,Ramped,South.facing,"Tran
(Months 4-6)",Platform,S1-24b,1.984861569723139,1.091768827
M5,SanPablo,T1,24,c,2025-11-03,2025-12-02,2025,22.28532369,0,0,0,1,0,0,0,0,0,Review,Ramped,South.facing,"Tran
(Months 4-6)",Platform,S1-24c,1.9751079502159004,1.08056042
M5,SanPablo,T1,48,a,2025-11-03,2025-12-02,2025,8.894627068,0,0,0,0,0,0,0,0,0,OK,Ramped,South.facing,"Tran
(Months 4-6)",Upland,S1-48a,2.013208026416053,1.124343257
M5,SanPablo,T1,48,b,2025-11-03,2025-12-02,2025,13.33465023,0,0,0,0,0,0,0,0,0,OK,Ramped,South.facing,"Tran
(Months 4-6)",Upland,S1-48b,2.0159512319024637,1.127495622
M5,SanPablo,T1,48,c,2025-11-03,2025-12-02,2025,12.44777303,0,0,0,0,0,0,0,0,0,OK,Ramped,South.facing,"Tran
(Months 4-6)",Upland,S1-48c,2.0144272288544576,1.125744308
M5,SanPablo,T2,0.5,a,2025-11-03,2025-12-02,2025,0.801940361,0,0,0,0,0,0,0,0,0,OK,Ramped,South.facing,"Tran
(Months 4-6)",Edge,S2-0.5a,1.727305054610109,0.795796848
M5,SanPablo,T2,0.5,b,2025-11-03,2025-12-02,2025,1.013496511,0,0,0,0,0,0,0,0,0,OK,Ramped,South.facing,"Tran
(Months 4-6)",Edge,S2-0.5b,1.7297434594869188,0.798598949
M5,SanPablo,T2,0.5,c,2025-11-03,2025-12-02,2025,0.842918186,0,0,0,0,0,0,0,0,0,OK,Ramped,South.facing,"Tran
(Months 4-6)",Edge,S2-0.5c,1.721818643637287,0.789492119
M5,SanPablo,T2,2,a,2025-11-03,2025-12-02,2025,4.466203444,0,0,1,0,0,0,0,0,0,Review,Ramped,South.facing,"Tran
(Months 4-6)",Edge,S2-2a,1.7401066802133602,0.810507881
M5,SanPablo,T2,2,b,2025-11-03,2025-12-02,2025,1.469130892,0,0,0,0,0,0,0,0,0,OK,Ramped,South.facing,"Tran
(Months 4-6)",Edge,S2-2b,1.751993903987808,0.824168126
M5,SanPablo,T2,2,c,2025-11-03,2025-12-02,2025,1.027372599,0,0,0,0,0,0,0,0,0,OK,Ramped,South.facing,"Tran
(Months 4-6)",Edge,S2-2c,1.750469900939802,0.822416813
M5,SanPablo,T2,6,a,2025-11-03,2025-12-02,2025,4.025420813,0,0,0,0,0,0,0,0,0,OK,Ramped,South.facing,"Tran
(Months 4-6)",Edge,S2-6a,1.8239268478536956,0.906830123
M5,SanPablo,T2,6,b,2025-11-03,2025-12-02,2025,3.285706037,0,0,0,0,0,0,0,0,0,OK,Ramped,South.facing,"Tran
(Months 4-6)",Edge,S2-6b,1.8135636271272544,0.894921191
M5,SanPablo,T2,6,c,2025-11-03,2025-12-02,2025,4.036315711,0,0,0,0,0,0,0,0,0,OK,Ramped,South.facing,"Tran
(Months 4-6)",Edge,S2-6c,1.8083820167640337,0.888966725
M5,SanPablo,T2,12,a,2025-11-03,2025-12-02,2025,5.737600072,0,0,0,0,0,0,0,0,0,OK,Ramped,South.facing,"Tran
(Months 4-6)",Platform,S2-12a,1.899517399034798,0.993695271
M5,SanPablo,T2,12,b,2025-11-03,2025-12-02,2025,3.732722067,0,0,0,0,0,0,0,0,0,OK,Ramped,South.facing,"Tran
(Months 4-6)",Platform,S2-12b,1.8912877825755652,0.984238179
M5,SanPablo,T2,12,c,2025-11-03,2025-12-02,2025,4.637323803,0,0,0,0,0,0,0,0,0,OK,Ramped,South.facing,"Tran
(Months 4-6)",Platform,S2-12c,1.8836677673355344,0.975481611
M5,SanPablo,T2,24,a,2025-11-03,2025-12-02,2025,24.54387394,0,0,0,1,0,0,0,0,0,Review,Ramped,South.facing,"Tran
(Months 4-6)",Platform,S2-24a,2.0001016002032004,1.109281961
M5,SanPablo,T2,24,b,2025-11-03,2025-12-02,2025,28.70973595,0,0,0,1,0,0,0,0,0,Review,Ramped,South.facing,"Tran
(Months 4-6)",Platform,S2-24b,1.9979679959359915,1.106830123
M5,SanPablo,T2,24,c,2025-11-03,2025-12-02,2025,25.13740196,0,0,0,1,0,0,0,0,0,Review,Ramped,South.facing,"Tran
(Months 4-6)",Platform,S2-24c,1.9915671831343664,1.099474606
M5,SanPablo,T2,48,a,2025-11-03,2025-12-02,2025,3.851265059,0,0,0,0,0,0,0,0,0,OK,Ramped,South.facing,"Tran
(Months 4-6)",Upland,S2-48a,2.0138176276352553,1.125043783
M5,SanPablo,T2,48,b,2025-11-03,2025-12-02,2025,11.24716614,0,0,0,0,1,0,0,0,0,Review,Ramped,South.facing,"Tran
(Months 4-6)",Upland,S2-48b,2.022961645923292,1.135551664
M5,SanPablo,T2,48,c,2025-11-03,2025-12-02,2025,13.02292607,0,0,0,0,0,0,0,0,0,OK,Ramped,South.facing,"Tran
(Months 4-6)",Upland,S2-48c,2.0205232410464817,1.132749562
M5,SanPablo,T1,18,a,2025-11-03,2025-12-02,2025,3.928121567,0,0,0,0,0,0,0,0,0,OK,Ramped,South.facing,"Tran
(Months 4-6)",Platform,S1-18a,1.9778511557023113,1.083712785
M5,SanPablo,T1,18,b,2025-11-03,2025-12-02,2025,3.778441691,0,0,0,0,0,0,0,0,0,OK,Ramped,South.facing,"Tran
(Months 4-6)",Platform,S1-18b,1.9882143764287528,1.095621716
M5,SanPablo,T1,18,c,2025-11-03,2025-12-02,2025,2.457346502,1,0,0,0,0,0,0,0,0,Review,Ramped,South.facing,"Tran
(Months 4-6)",Platform,S1-18c,1.9918719837439671,1.099824869
M5,SanPablo,T2,18,a,2025-11-03,2025-12-02,2025,3.367606018,0,0,0,0,0,0,0,0,0,OK,Ramped,South.facing,"Tran
(Months 4-6)",Platform,S2-18a,1.9677927355854712,1.072154116
M5,SanPablo,T2,18,b,2025-11-03,2025-12-02,2025,3.41042969,0,0,0,0,0,0,0,0,0,OK,Ramped,South.facing,"Tran
(Months 4-6)",Platform,S2-18b,1.9677927355854712,1.072154116
M5,SanPablo,T2,18,c,2025-11-03,2025-12-02,2025,1.898218758,0,0,0,0,0,0,0,0,0,OK,Ramped,South.facing,"Tran
(Months 4-6)",Platform,S2-18c,1.9613919227838457,1.064798599
M6,SanPablo,T1,0.5,a,2025-12-02,2026-01-11,2025,0.444494213,0,0,0,0,0,0,0,0,0,OK,Ramped,South.facing,"Tran
(Months 4-6)",Edge,S1-0.5a,1.706273812547625,0.771628722
M6,SanPablo,T1,0.5,b,2025-12-02,2026-01-11,2025,0.193304485,0,0,0,0,0,0,0,0,0,OK,Ramped,South.facing,"Tran
(Months 4-6)",Edge,S1-0.5b,1.722733045466091,0.790542907
M6,SanPablo,T1,0.5,c,2025-12-02,2026-01-11,2025,0.458051857,0,0,0,0,0,0,0,0,0,OK,Ramped,South.facing,"Tran
(Months 4-6)",Edge,S1-0.5c,1.723037846075692,0.79089317
M6,SanPablo,T1,2,a,2025-12-02,2026-01-11,2025,0.688806876,0,0,0,0,0,0,0,0,0,OK,Ramped,South.facing,"Tran
(Months 4-6)",Edge,S1-2a,1.6913385826771654,0.754465849
M6,SanPablo,T1,2,b,2025-12-02,2026-01-11,2025,0.628996055,0,0,0,0,0,0,0,0,0,OK,Ramped,South.facing,"Tran
(Months 4-6)",Edge,S1-2b,1.7202946405892812,0.787740806
M6,SanPablo,T1,2,c,2025-12-02,2026-01-11,2025,0.266790842,0,0,0,0,0,0,0,0,0,OK,Ramped,South.facing,"Tran
(Months 4-6)",Edge,S1-2c,1.7550419100838202,0.827670753
M6,SanPablo,T1,6,a,2025-12-02,2026-01-11,2025,1.35214896,0,0,0,0,0,0,0,0,0,OK,Ramped,South.facing,"Tran
(Months 4-6)",Edge,S1-6a,1.8266700533401063,0.909982487
M6,SanPablo,T1,6,b,2025-12-02,2026-01-11,2025,1.109526091,0,0,0,0,0,0,0,0,0,OK,Ramped,South.facing,"Tran
(Months 4-6)",Edge,S1-6b,1.8254508509017016,0.908581436
M6,SanPablo,T1,6,c,2025-12-02,2026-01-11,2025,0.536371808,0,0,0,0,0,0,0,0,0,OK,Ramped,South.facing,"Tran
(Months 4-6)",Edge,S1-6c,1.83002286004572,0.913835377
M6,SanPablo,T1,12,a,2025-12-02,2026-01-11,2025,1.851712094,1,0,0,0,0,0,0,0,0,Review,Ramped,South.facing,"Tran
(Months 4-6)",Platform,S1-12a,1.877266954533909,0.968126095
M6,SanPablo,T1,12,b,2025-12-02,2026-01-11,2025,2.469534554,1,0,0,0,0,0,0,0,0,Review,Ramped,South.facing,"Tran
(Months 4-6)",Platform,S1-12b,1.889763779527559,0.982486865
M6,SanPablo,T1,12,c,2025-12-02,2026-01-11,2025,1.429407878,0,0,0,0,0,0,0,0,0,OK,Ramped,South.facing,"Tran
(Months 4-6)",Platform,S1-12c,1.8851917703835408,0.977232925
M6,SanPablo,T1,18,a,2025-12-02,2026-01-11,2025,1.393489948,0,0,0,0,0,0,0,0,0,OK,Ramped,South.facing,"Tran
(Months 4-6)",Platform,S1-18a,1.9778511557023113,1.083712785
M6,SanPablo,T1,18,b,2025-12-02,2026-01-11,2025,1.284360744,0,0,0,0,0,0,0,0,0,OK,Ramped,South.facing,"Tran
(Months 4-6)",Platform,S1-18b,1.9882143764287528,1.095621716
M6,SanPablo,T1,18,c,2025-12-02,2026-01-11,2025,1.423670441,0,0,0,0,0,0,0,0,0,OK,Ramped,South.facing,"Tran
(Months 4-6)",Platform,S1-18c,1.9918719837439671,1.099824869
M6,SanPablo,T1,24,a,2025-12-02,2026-01-11,2025,1.71883409,0,0,0,1,0,0,0,0,0,Review,Ramped,South.facing,"Tran
(Months 4-6)",Platform,S1-24a,1.9751079502159004,1.08056042
M6,SanPablo,T1,24,b,2025-12-02,2026-01-11,2025,1.976075635,0,0,0,1,0,0,0,0,0,Review,Ramped,South.facing,"Tran
(Months 4-6)",Platform,S1-24b,1.984861569723139,1.091768827
M6,SanPablo,T1,24,c,2025-12-02,2026-01-11,2025,1.798490157,0,0,0,1,0,0,0,0,0,Review,Ramped,South.facing,"Tran
(Months 4-6)",Platform,S1-24c,1.9751079502159004,1.08056042
M6,SanPablo,T1,48,a,2025-12-02,2026-01-11,2025,16.20527422,0,0,0,0,0,0,0,0,0,OK,Ramped,South.facing,"Tran
(Months 4-6)",Upland,S1-48a,2.013208026416053,1.124343257
M6,SanPablo,T1,48,b,2025-12-02,2026-01-11,2025,25.85088903,0,0,0,0,0,0,0,0,0,OK,Ramped,South.facing,"Tran
(Months 4-6)",Upland,S1-48b,2.0159512319024637,1.127495622
M6,SanPablo,T1,48,c,2025-12-02,2026-01-11,2025,30.08107023,0,0,0,0,0,0,0,0,0,OK,Ramped,South.facing,"Tran
(Months 4-6)",Upland,S1-48c,2.0144272288544576,1.125744308
M6,SanPablo,T2,0.5,a,2025-12-02,2026-01-11,2025,0.15208139,0,0,0,0,0,0,0,0,0,OK,Ramped,South.facing,"Tran
(Months 4-6)",Edge,S2-0.5a,1.727305054610109,0.795796848
M6,SanPablo,T2,0.5,b,2025-12-02,2026-01-11,2025,0.33139596,0,0,0,0,0,0,0,0,0,OK,Ramped,South.facing,"Tran
(Months 4-6)",Edge,S2-0.5b,1.7297434594869188,0.798598949
M6,SanPablo,T2,0.5,c,2025-12-02,2026-01-11,2025,0.321768068,0,0,0,0,0,0,0,0,0,OK,Ramped,South.facing,"Tran
(Months 4-6)",Edge,S2-0.5c,1.721818643637287,0.789492119
M6,SanPablo,T2,2,a,2025-12-02,2026-01-11,2025,0.871108056,0,0,0,0,0,0,0,0,0,OK,Ramped,South.facing,"Tran
(Months 4-6)",Edge,S2-2a,1.7401066802133602,0.810507881
M6,SanPablo,T2,2,b,2025-12-02,2026-01-11,2025,0.370772072,0,0,0,0,0,0,0,0,0,OK,Ramped,South.facing,"Tran
(Months 4-6)",Edge,S2-2b,1.751993903987808,0.824168126
M6,SanPablo,T2,2,c,2025-12-02,2026-01-11,2025,0.306717119,0,0,0,0,0,0,0,0,0,OK,Ramped,South.facing,"Tran
(Months 4-6)",Edge,S2-2c,1.750469900939802,0.822416813
M6,SanPablo,T2,6,a,2025-12-02,2026-01-11,2025,1.466544032,0,0,0,0,0,0,0,0,0,OK,Ramped,South.facing,"Tran
(Months 4-6)",Edge,S2-6a,1.8239268478536956,0.906830123
M6,SanPablo,T2,6,b,2025-12-02,2026-01-11,2025,1.262747109,0,0,0,0,0,0,0,0,0,OK,Ramped,South.facing,"Tran
(Months 4-6)",Edge,S2-6b,1.8135636271272544,0.894921191
M6,SanPablo,T2,6,c,2025-12-02,2026-01-11,2025,1.381975775,0,0,0,0,0,0,0,0,0,OK,Ramped,South.facing,"Tran
(Months 4-6)",Edge,S2-6c,1.8083820167640337,0.888966725
M6,SanPablo,T2,12,a,2025-12-02,2026-01-11,2025,1.042209445,0,0,0,0,0,0,0,0,0,OK,Ramped,South.facing,"Tran
(Months 4-6)",Platform,S2-12a,1.899517399034798,0.993695271
M6,SanPablo,T2,12,b,2025-12-02,2026-01-11,2025,1.268012976,0,0,0,0,0,0,0,0,0,OK,Ramped,South.facing,"Tran
(Months 4-6)",Platform,S2-12b,1.8912877825755652,0.984238179
M6,SanPablo,T2,12,c,2025-12-02,2026-01-11,2025,1.039104941,0,0,0,0,0,0,0,0,0,OK,Ramped,South.facing,"Tran
(Months 4-6)",Platform,S2-12c,1.8836677673355344,0.975481611
M6,SanPablo,T2,18,a,2025-12-02,2026-01-11,2025,1.439310852,0,0,0,0,0,0,0,0,0,OK,Ramped,South.facing,"Tran
(Months 4-6)",Platform,S2-18a,1.9677927355854712,1.072154116
M6,SanPablo,T2,18,b,2025-12-02,2026-01-11,2025,1.344839622,0,0,0,0,0,0,0,0,0,OK,Ramped,South.facing,"Tran
(Months 4-6)",Platform,S2-18b,1.9677927355854712,1.072154116
M6,SanPablo,T2,18,c,2025-12-02,2026-01-11,2025,1.391996642,0,0,0,0,0,0,0,0,0,OK,Ramped,South.facing,"Tran
(Months 4-6)",Platform,S2-18c,1.9613919227838457,1.064798599
M6,SanPablo,T2,24,a,2025-12-02,2026-01-11,2025,2.107958102,0,0,0,1,0,0,0,0,0,Review,Ramped,South.facing,"Tran
(Months 4-6)",Platform,S2-24a,2.0001016002032004,1.109281961
M6,SanPablo,T2,24,b,2025-12-02,2026-01-11,2025,4.753309747,0,0,0,1,0,1,0,0,0,Review,Ramped,South.facing,"Tran
(Months 4-6)",Platform,S2-24b,1.9979679959359915,1.106830123
M6,SanPablo,T2,24,c,2025-12-02,2026-01-11,2025,1.966369149,0,0,0,1,0,0,0,0,0,Review,Ramped,South.facing,"Tran
(Months 4-6)",Platform,S2-24c,1.9915671831343664,1.099474606
M6,SanPablo,T2,48,a,2025-12-02,2026-01-11,2025,15.97888122,0,0,1,0,0,0,0,0,0,Review,Ramped,South.facing,"Tran
(Months 4-6)",Upland,S2-48a,2.0138176276352553,1.125043783
M6,SanPablo,T2,48,b,2025-12-02,2026-01-11,2025,21.16713589,0,0,1,0,0,0,0,0,0,Review,Ramped,South.facing,"Tran
(Months 4-6)",Upland,S2-48b,2.022961645923292,1.135551664
M6,SanPablo,T2,48,c,2025-12-02,2026-01-11,2025,31.4663077,0,0,1,0,0,0,0,0,0,Review,Ramped,South.facing,"Tran
(Months 4-6)",Upland,S2-48c,2.0205232410464817,1.132749562
M7,SanPablo,T1,0.5,a,2026-01-11,2026-02-06,2026,1.540523119,0,0,0,0,0,0,0,0,0,OK,Ramped,South.facing,"Wet
(Months 7-9)",Edge,S1-0.5a,1.706273812547625,0.771628722
M7,SanPablo,T1,0.5,b,2026-01-11,2026-02-06,2026,0.769143092,0,0,0,0,0,0,0,0,0,OK,Ramped,South.facing,"Wet
(Months 7-9)",Edge,S1-0.5b,1.722733045466091,0.790542907
M7,SanPablo,T1,0.5,c,2026-01-11,2026-02-06,2026,0.854267559,0,0,0,0,0,0,0,0,0,OK,Ramped,South.facing,"Wet
(Months 7-9)",Edge,S1-0.5c,1.723037846075692,0.79089317
M7,SanPablo,T1,2,a,2026-01-11,2026-02-06,2026,2.50204267,0,0,0,0,0,0,0,0,0,OK,Ramped,South.facing,"Wet
(Months 7-9)",Edge,S1-2a,1.6913385826771654,0.754465849
M7,SanPablo,T1,2,b,2026-01-11,2026-02-06,2026,1.82056327,0,0,0,0,0,0,0,0,0,OK,Ramped,South.facing,"Wet
(Months 7-9)",Edge,S1-2b,1.7202946405892812,0.787740806
M7,SanPablo,T1,2,c,2026-01-11,2026-02-06,2026,1.073849991,0,0,0,0,0,0,0,0,0,OK,Ramped,South.facing,"Wet
(Months 7-9)",Edge,S1-2c,1.7550419100838202,0.827670753
M7,SanPablo,T1,6,a,2026-01-11,2026-02-06,2026,1.963183027,0,0,0,0,0,0,0,0,0,OK,Ramped,South.facing,"Wet
(Months 7-9)",Edge,S1-6a,1.8266700533401063,0.909982487
M7,SanPablo,T1,6,b,2026-01-11,2026-02-06,2026,1.573835321,0,0,0,0,0,0,0,0,0,OK,Ramped,South.facing,"Wet
(Months 7-9)",Edge,S1-6b,1.8254508509017016,0.908581436
M7,SanPablo,T1,6,c,2026-01-11,2026-02-06,2026,1.672200029,0,0,0,0,0,0,0,0,0,OK,Ramped,South.facing,"Wet
(Months 7-9)",Edge,S1-6c,1.83002286004572,0.913835377
M7,SanPablo,T1,12,a,2026-01-11,2026-02-06,2026,3.939142785,1,0,0,0,0,0,0,0,0,Review,Ramped,South.facing,"Wet
(Months 7-9)",Platform,S1-12a,1.877266954533909,0.968126095
M7,SanPablo,T1,12,b,2026-01-11,2026-02-06,2026,2.784642197,1,0,0,0,0,0,0,0,0,Review,Ramped,South.facing,"Wet
(Months 7-9)",Platform,S1-12b,1.889763779527559,0.982486865
M7,SanPablo,T1,12,c,2026-01-11,2026-02-06,2026,1.603399146,0,0,0,0,0,1,0,0,0,Review,Ramped,South.facing,"Wet
(Months 7-9)",Platform,S1-12c,1.8851917703835408,0.977232925
M7,SanPablo,T1,24,a,2026-01-11,2026-02-06,2026,1.724798244,0,0,0,0,0,0,0,0,0,OK,Ramped,South.facing,"Wet
(Months 7-9)",Platform,S1-24a,1.9751079502159004,1.08056042
M7,SanPablo,T1,24,b,2026-01-11,2026-02-06,2026,1.682175552,0,0,0,0,0,0,0,0,0,OK,Ramped,South.facing,"Wet
(Months 7-9)",Platform,S1-24b,1.984861569723139,1.091768827
M7,SanPablo,T1,24,c,2026-01-11,2026-02-06,2026,1.79722659,0,0,0,0,0,0,0,0,0,OK,Ramped,South.facing,"Wet
(Months 7-9)",Platform,S1-24c,1.9751079502159004,1.08056042
M7,SanPablo,T1,48,a,2026-01-11,2026-02-06,2026,1.288414434,0,0,0,0,0,0,0,0,0,OK,Ramped,South.facing,"Wet
(Months 7-9)",Upland,S1-48a,2.013208026416053,1.124343257
M7,SanPablo,T1,48,b,2026-01-11,2026-02-06,2026,1.279043487,0,0,0,0,0,0,0,0,0,OK,Ramped,South.facing,"Wet
(Months 7-9)",Upland,S1-48b,2.0159512319024637,1.127495622
M7,SanPablo,T1,48,c,2026-01-11,2026-02-06,2026,1.398387023,0,0,0,0,0,0,0,0,0,OK,Ramped,South.facing,"Wet
(Months 7-9)",Upland,S1-48c,2.0144272288544576,1.125744308
M7,SanPablo,T2,0.5,a,2026-01-11,2026-02-06,2026,0.993924888,0,0,0,1,0,0,0,0,0,Review,Ramped,South.facing,"Wet
(Months 7-9)",Edge,S2-0.5a,1.727305054610109,0.795796848
M7,SanPablo,T2,0.5,b,2026-01-11,2026-02-06,2026,1.223180556,0,0,0,0,0,0,0,0,0,OK,Ramped,South.facing,"Wet
(Months 7-9)",Edge,S2-0.5b,1.7297434594869188,0.798598949
M7,SanPablo,T2,0.5,c,2026-01-11,2026-02-06,2026,0.995738619,0,0,0,0,0,0,0,0,0,OK,Ramped,South.facing,"Wet
(Months 7-9)",Edge,S2-0.5c,1.721818643637287,0.789492119
M7,SanPablo,T2,2,a,2026-01-11,2026-02-06,2026,2.789760951,0,0,0,0,0,0,0,0,0,OK,Ramped,South.facing,"Wet
(Months 7-9)",Edge,S2-2a,1.7401066802133602,0.810507881
M7,SanPablo,T2,2,b,2026-01-11,2026-02-06,2026,1.447418233,0,0,0,0,0,0,0,0,0,OK,Ramped,South.facing,"Wet
(Months 7-9)",Edge,S2-2b,1.751993903987808,0.824168126
M7,SanPablo,T2,2,c,2026-01-11,2026-02-06,2026,1.485990257,0,0,0,0,0,0,0,0,0,OK,Ramped,South.facing,"Wet
(Months 7-9)",Edge,S2-2c,1.750469900939802,0.822416813
M7,SanPablo,T2,6,a,2026-01-11,2026-02-06,2026,2.291831183,0,0,0,0,0,0,0,0,0,OK,Ramped,South.facing,"Wet
(Months 7-9)",Edge,S2-6a,1.8239268478536956,0.906830123
M7,SanPablo,T2,6,b,2026-01-11,2026-02-06,2026,1.707567794,0,0,0,0,0,0,0,0,0,OK,Ramped,South.facing,"Wet
(Months 7-9)",Edge,S2-6b,1.8135636271272544,0.894921191
M7,SanPablo,T2,6,c,2026-01-11,2026-02-06,2026,2.369761182,0,0,0,0,0,0,0,0,0,OK,Ramped,South.facing,"Wet
(Months 7-9)",Edge,S2-6c,1.8083820167640337,0.888966725
M7,SanPablo,T2,12,a,2026-01-11,2026-02-06,2026,1.151961363,0,0,0,0,0,0,0,0,0,OK,Ramped,South.facing,"Wet
(Months 7-9)",Platform,S2-12a,1.899517399034798,0.993695271
M7,SanPablo,T2,12,b,2026-01-11,2026-02-06,2026,1.127294614,0,0,0,0,0,0,0,0,0,OK,Ramped,South.facing,"Wet
(Months 7-9)",Platform,S2-12b,1.8912877825755652,0.984238179
M7,SanPablo,T2,12,c,2026-01-11,2026-02-06,2026,1.204075917,0,0,0,0,0,0,0,0,0,OK,Ramped,South.facing,"Wet
(Months 7-9)",Platform,S2-12c,1.8836677673355344,0.975481611
M7,SanPablo,T2,24,a,2026-01-11,2026-02-06,2026,2.164084025,0,0,0,0,0,0,0,0,0,OK,Ramped,South.facing,"Wet
(Months 7-9)",Platform,S2-24a,2.0001016002032004,1.109281961
M7,SanPablo,T2,24,b,2026-01-11,2026-02-06,2026,2.540251948,0,0,0,0,0,0,0,0,0,OK,Ramped,South.facing,"Wet
(Months 7-9)",Platform,S2-24b,1.9979679959359915,1.106830123
M7,SanPablo,T2,24,c,2026-01-11,2026-02-06,2026,2.130953195,0,0,0,0,0,0,0,0,0,OK,Ramped,South.facing,"Wet
(Months 7-9)",Platform,S2-24c,1.9915671831343664,1.099474606
M7,SanPablo,T2,48,a,2026-01-11,2026-02-06,2026,1.700010579,0,0,0,0,0,0,0,0,0,OK,Ramped,South.facing,"Wet
(Months 7-9)",Upland,S2-48a,2.0138176276352553,1.125043783
M7,SanPablo,T2,48,b,2026-01-11,2026-02-06,2026,2.042201265,0,0,0,0,0,1,0,0,0,Review,Ramped,South.facing,"Wet
(Months 7-9)",Upland,S2-48b,2.022961645923292,1.135551664
M7,SanPablo,T2,48,c,2026-01-11,2026-02-06,2026,1.889605984,0,1,0,0,0,0,0,0,0,Review,Ramped,South.facing,"Wet
(Months 7-9)",Upland,S2-48c,2.0205232410464817,1.132749562
M7,SanPablo,T1,18,a,2026-01-11,2026-02-06,2026,1.275476482,0,0,0,0,0,0,0,0,0,OK,Ramped,South.facing,"Wet
(Months 7-9)",Platform,S1-18a,1.9778511557023113,1.083712785
M7,SanPablo,T1,18,b,2026-01-11,2026-02-06,2026,0.632750479,0,0,0,0,0,0,0,0,0,OK,Ramped,South.facing,"Wet
(Months 7-9)",Platform,S1-18b,1.9882143764287528,1.095621716
M7,SanPablo,T1,18,c,2026-01-11,2026-02-06,2026,0.605121302,0,0,0,0,0,0,0,0,0,OK,Ramped,South.facing,"Wet
(Months 7-9)",Platform,S1-18c,1.9918719837439671,1.099824869
M7,SanPablo,T2,18,a,2026-01-11,2026-02-06,2026,1.379463757,0,0,0,0,0,0,0,0,0,OK,Ramped,South.facing,"Wet
(Months 7-9)",Platform,S2-18a,1.9677927355854712,1.072154116
M7,SanPablo,T2,18,b,2026-01-11,2026-02-06,2026,1.116835429,0,0,0,0,0,0,0,0,0,OK,Ramped,South.facing,"Wet
(Months 7-9)",Platform,S2-18b,1.9677927355854712,1.072154116
M7,SanPablo,T2,18,c,2026-01-11,2026-02-06,2026,0.900638629,0,0,0,0,0,0,0,0,0,OK,Ramped,South.facing,"Wet
(Months 7-9)",Platform,S2-18c,1.9613919227838457,1.064798599
M8,SanPablo,T1,0.5,a,2026-02-07,2026-03-06,2026,NA,1,0,0,0,0,0,0,0,0,Review,Ramped,South.facing,"Wet
(Months 7-9)",Edge,S1-0.5a,1.706273812547625,0.771628722
M8,SanPablo,T1,0.5,b,2026-02-07,2026-03-06,2026,NA,1,0,0,0,0,0,0,0,0,Review,Ramped,South.facing,"Wet
(Months 7-9)",Edge,S1-0.5b,1.722733045466091,0.790542907
M8,SanPablo,T1,0.5,c,2026-02-07,2026-03-06,2026,1.043567392,0,0,0,0,0,0,0,0,0,OK,Ramped,South.facing,"Wet
(Months 7-9)",Edge,S1-0.5c,1.723037846075692,0.79089317
M8,SanPablo,T1,2,a,2026-02-07,2026-03-06,2026,2.208636885,0,0,0,0,0,0,0,0,0,OK,Ramped,South.facing,"Wet
(Months 7-9)",Edge,S1-2a,1.6913385826771654,0.754465849
M8,SanPablo,T1,2,b,2026-02-07,2026-03-06,2026,2.076364354,0,0,0,0,0,0,0,0,0,OK,Ramped,South.facing,"Wet
(Months 7-9)",Edge,S1-2b,1.7202946405892812,0.787740806
M8,SanPablo,T1,2,c,2026-02-07,2026-03-06,2026,1.755044568,0,0,0,0,0,0,0,0,0,OK,Ramped,South.facing,"Wet
(Months 7-9)",Edge,S1-2c,1.7550419100838202,0.827670753
M8,SanPablo,T1,6,a,2026-02-07,2026-03-06,2026,2.943180248,1,0,0,0,0,0,0,0,0,Review,Ramped,South.facing,"Wet
(Months 7-9)",Edge,S1-6a,1.8266700533401063,0.909982487
M8,SanPablo,T1,6,b,2026-02-07,2026-03-06,2026,2.489599575,1,0,0,0,0,0,0,0,0,Review,Ramped,South.facing,"Wet
(Months 7-9)",Edge,S1-6b,1.8254508509017016,0.908581436
M8,SanPablo,T1,6,c,2026-02-07,2026-03-06,2026,2.207006765,1,0,0,0,0,0,0,0,0,Review,Ramped,South.facing,"Wet
(Months 7-9)",Edge,S1-6c,1.83002286004572,0.913835377
M8,SanPablo,T1,12,a,2026-02-07,2026-03-06,2026,6.113703908,0,0,0,0,0,0,0,0,0,OK,Ramped,South.facing,"Wet
(Months 7-9)",Platform,S1-12a,1.877266954533909,0.968126095
M8,SanPablo,T1,12,b,2026-02-07,2026-03-06,2026,4.031634137,0,0,0,0,0,0,0,0,0,OK,Ramped,South.facing,"Wet
(Months 7-9)",Platform,S1-12b,1.889763779527559,0.982486865
M8,SanPablo,T1,12,c,2026-02-07,2026-03-06,2026,5.688184574,0,0,0,0,0,0,0,0,0,OK,Ramped,South.facing,"Wet
(Months 7-9)",Platform,S1-12c,1.8851917703835408,0.977232925
M8,SanPablo,T1,18,a,2026-02-07,2026-03-06,2026,2.289851753,0,0,0,0,0,0,0,0,0,OK,Ramped,South.facing,"Wet
(Months 7-9)",Platform,S1-18a,1.9778511557023113,1.083712785
M8,SanPablo,T1,18,b,2026-02-07,2026-03-06,2026,1.249952129,0,0,0,0,0,0,0,0,0,OK,Ramped,South.facing,"Wet
(Months 7-9)",Platform,S1-18b,1.9882143764287528,1.095621716
M8,SanPablo,T1,18,c,2026-02-07,2026-03-06,2026,1.005958213,0,0,0,0,0,0,0,0,0,OK,Ramped,South.facing,"Wet
(Months 7-9)",Platform,S1-18c,1.9918719837439671,1.099824869
M8,SanPablo,T1,24,a,2026-02-07,2026-03-06,2026,2.160781242,0,0,0,0,0,0,0,0,0,OK,Ramped,South.facing,"Wet
(Months 7-9)",Platform,S1-24a,1.9751079502159004,1.08056042
M8,SanPablo,T1,24,b,2026-02-07,2026-03-06,2026,2.622745384,0,0,0,0,0,0,0,0,0,OK,Ramped,South.facing,"Wet
(Months 7-9)",Platform,S1-24b,1.984861569723139,1.091768827
M8,SanPablo,T1,24,c,2026-02-07,2026-03-06,2026,2.734583207,0,0,0,0,0,0,0,0,0,OK,Ramped,South.facing,"Wet
(Months 7-9)",Platform,S1-24c,1.9751079502159004,1.08056042
M8,SanPablo,T1,48,a,2026-02-07,2026-03-06,2026,0.813604145,1,0,0,0,0,0,0,0,0,Review,Ramped,South.facing,"Wet
(Months 7-9)",Upland,S1-48a,2.013208026416053,1.124343257
M8,SanPablo,T1,48,b,2026-02-07,2026-03-06,2026,1.284126414,0,0,0,0,0,0,0,0,0,OK,Ramped,South.facing,"Wet
(Months 7-9)",Upland,S1-48b,2.0159512319024637,1.127495622
M8,SanPablo,T1,48,c,2026-02-07,2026-03-06,2026,2.24799262,0,0,0,0,0,0,0,0,0,OK,Ramped,South.facing,"Wet
(Months 7-9)",Upland,S1-48c,2.0144272288544576,1.125744308
M8,SanPablo,T2,0.5,a,2026-02-07,2026-03-06,2026,0.819076688,0,0,0,0,0,0,0,0,0,OK,Ramped,South.facing,"Wet
(Months 7-9)",Edge,S2-0.5a,1.727305054610109,0.795796848
M8,SanPablo,T2,0.5,b,2026-02-07,2026-03-06,2026,2.01494379,0,0,0,0,0,0,0,0,0,OK,Ramped,South.facing,"Wet
(Months 7-9)",Edge,S2-0.5b,1.7297434594869188,0.798598949
M8,SanPablo,T2,0.5,c,2026-02-07,2026-03-06,2026,1.406560011,0,0,0,0,0,0,0,0,0,OK,Ramped,South.facing,"Wet
(Months 7-9)",Edge,S2-0.5c,1.721818643637287,0.789492119
M8,SanPablo,T2,2,a,2026-02-07,2026-03-06,2026,2.682128299,0,0,0,0,0,0,0,0,0,OK,Ramped,South.facing,"Wet
(Months 7-9)",Edge,S2-2a,1.7401066802133602,0.810507881
M8,SanPablo,T2,2,b,2026-02-07,2026-03-06,2026,1.976344896,0,0,0,0,0,0,0,0,0,OK,Ramped,South.facing,"Wet
(Months 7-9)",Edge,S2-2b,1.751993903987808,0.824168126
M8,SanPablo,T2,2,c,2026-02-07,2026-03-06,2026,2.327984899,0,0,0,0,0,0,0,0,0,OK,Ramped,South.facing,"Wet
(Months 7-9)",Edge,S2-2c,1.750469900939802,0.822416813
M8,SanPablo,T2,6,a,2026-02-07,2026-03-06,2026,3.638426094,0,0,0,0,0,0,0,0,0,OK,Ramped,South.facing,"Wet
(Months 7-9)",Edge,S2-6a,1.8239268478536956,0.906830123
M8,SanPablo,T2,6,b,2026-02-07,2026-03-06,2026,3.510228861,0,0,0,0,0,0,0,0,0,OK,Ramped,South.facing,"Wet
(Months 7-9)",Edge,S2-6b,1.8135636271272544,0.894921191
M8,SanPablo,T2,6,c,2026-02-07,2026-03-06,2026,3.703223333,0,0,0,0,0,0,0,0,0,OK,Ramped,South.facing,"Wet
(Months 7-9)",Edge,S2-6c,1.8083820167640337,0.888966725
M8,SanPablo,T2,12,a,2026-02-07,2026-03-06,2026,2.782031319,0,0,0,0,0,0,0,0,0,OK,Ramped,South.facing,"Wet
(Months 7-9)",Platform,S2-12a,1.899517399034798,0.993695271
M8,SanPablo,T2,12,b,2026-02-07,2026-03-06,2026,2.380265151,0,0,0,0,0,0,0,0,0,OK,Ramped,South.facing,"Wet
(Months 7-9)",Platform,S2-12b,1.8912877825755652,0.984238179
M8,SanPablo,T2,12,c,2026-02-07,2026-03-06,2026,2.343645687,0,0,0,0,0,0,0,0,0,OK,Ramped,South.facing,"Wet
(Months 7-9)",Platform,S2-12c,1.8836677673355344,0.975481611
M8,SanPablo,T2,18,a,2026-02-07,2026-03-06,2026,1.963187505,0,0,0,0,0,0,0,0,0,OK,Ramped,South.facing,"Wet
(Months 7-9)",Platform,S2-18a,1.9677927355854712,1.072154116
M8,SanPablo,T2,18,b,2026-02-07,2026-03-06,2026,1.375937057,0,0,0,0,0,0,0,0,0,OK,Ramped,South.facing,"Wet
(Months 7-9)",Platform,S2-18b,1.9677927355854712,1.072154116
M8,SanPablo,T2,18,c,2026-02-07,2026-03-06,2026,1.293499599,0,0,0,0,0,0,0,0,0,OK,Ramped,South.facing,"Wet
(Months 7-9)",Platform,S2-18c,1.9613919227838457,1.064798599
M8,SanPablo,T2,24,a,2026-02-07,2026-03-06,2026,3.616885233,1,0,0,0,0,0,0,0,0,Review,Ramped,South.facing,"Wet
(Months 7-9)",Platform,S2-24a,2.0001016002032004,1.109281961
M8,SanPablo,T2,24,b,2026-02-07,2026-03-06,2026,3.257211071,1,0,0,0,0,0,0,0,0,Review,Ramped,South.facing,"Wet
(Months 7-9)",Platform,S2-24b,1.9979679959359915,1.106830123
M8,SanPablo,T2,24,c,2026-02-07,2026-03-06,2026,3.576947312,1,0,0,0,0,0,0,0,0,Review,Ramped,South.facing,"Wet
(Months 7-9)",Platform,S2-24c,1.9915671831343664,1.099474606
M8,SanPablo,T2,48,a,2026-02-07,2026-03-06,2026,3.50667753,0,0,0,0,0,0,0,0,0,OK,Ramped,South.facing,"Wet
(Months 7-9)",Upland,S2-48a,2.0138176276352553,1.125043783
M8,SanPablo,T2,48,b,2026-02-07,2026-03-06,2026,2.9706594,1,0,0,0,0,0,0,0,0,Review,Ramped,South.facing,"Wet
(Months 7-9)",Upland,S2-48b,2.022961645923292,1.135551664
M8,SanPablo,T2,48,c,2026-02-07,2026-03-06,2026,3.872057109,0,0,0,0,0,0,0,0,0,OK,Ramped,South.facing,"Wet
(Months 7-9)",Upland,S2-48c,2.0205232410464817,1.132749562
M9,SanPablo,T1,0.5,a,2026-03-06,2026-04-03,2026,1.792864998,0,0,0,0,0,0,0,0,0,OK,Ramped,South.facing,"Wet
(Months 7-9)",Edge,S1-0.5a,1.706273812547625,0.771628722
M9,SanPablo,T1,0.5,b,2026-03-06,2026-04-03,2026,0.389999785,0,0,0,0,0,0,0,0,0,OK,Ramped,South.facing,"Wet
(Months 7-9)",Edge,S1-0.5b,1.722733045466091,0.790542907
M9,SanPablo,T1,0.5,c,2026-03-06,2026-04-03,2026,0.513506267,0,0,0,0,0,0,0,0,0,OK,Ramped,South.facing,"Wet
(Months 7-9)",Edge,S1-0.5c,1.723037846075692,0.79089317
M9,SanPablo,T1,2,a,2026-03-06,2026-04-03,2026,2.947257625,0,0,0,0,0,0,0,0,0,OK,Ramped,South.facing,"Wet
(Months 7-9)",Edge,S1-2a,1.6913385826771654,0.754465849
M9,SanPablo,T1,2,b,2026-03-06,2026-04-03,2026,1.472477957,0,0,0,0,0,0,0,0,0,OK,Ramped,South.facing,"Wet
(Months 7-9)",Edge,S1-2b,1.7202946405892812,0.787740806
M9,SanPablo,T1,2,c,2026-03-06,2026-04-03,2026,0.395389159,0,0,0,0,0,0,0,0,0,OK,Ramped,South.facing,"Wet
(Months 7-9)",Edge,S1-2c,1.7550419100838202,0.827670753
M9,SanPablo,T1,6,a,2026-03-06,2026-04-03,2026,0.789880089,0,0,0,0,0,0,0,0,0,OK,Ramped,South.facing,"Wet
(Months 7-9)",Edge,S1-6a,1.8266700533401063,0.909982487
M9,SanPablo,T1,6,b,2026-03-06,2026-04-03,2026,0.619104308,0,0,0,0,0,0,0,0,0,OK,Ramped,South.facing,"Wet
(Months 7-9)",Edge,S1-6b,1.8254508509017016,0.908581436
M9,SanPablo,T1,6,c,2026-03-06,2026-04-03,2026,0.705727263,0,0,0,0,0,0,0,0,0,OK,Ramped,South.facing,"Wet
(Months 7-9)",Edge,S1-6c,1.83002286004572,0.913835377
M9,SanPablo,T1,12,a,2026-03-06,2026-04-03,2026,0.369003683,0,0,0,0,0,0,0,0,0,OK,Ramped,South.facing,"Wet
(Months 7-9)",Platform,S1-12a,1.877266954533909,0.968126095
M9,SanPablo,T1,12,b,2026-03-06,2026-04-03,2026,0.291475296,0,0,0,0,0,0,0,0,0,OK,Ramped,South.facing,"Wet
(Months 7-9)",Platform,S1-12b,1.889763779527559,0.982486865
M9,SanPablo,T1,12,c,2026-03-06,2026-04-03,2026,0.21226273,0,0,0,0,0,0,0,0,0,OK,Ramped,South.facing,"Wet
(Months 7-9)",Platform,S1-12c,1.8851917703835408,0.977232925
M9,SanPablo,T1,18,a,2026-03-06,2026-04-03,2026,0.196768281,0,0,0,0,0,0,0,0,0,OK,Ramped,South.facing,"Wet
(Months 7-9)",Platform,S1-18a,1.9778511557023113,1.083712785
M9,SanPablo,T1,18,b,2026-03-06,2026-04-03,2026,0.138046563,0,0,0,0,0,0,0,0,0,OK,Ramped,South.facing,"Wet
(Months 7-9)",Platform,S1-18b,1.9882143764287528,1.095621716
M9,SanPablo,T1,18,c,2026-03-06,2026-04-03,2026,0.47746483,0,0,0,0,0,0,0,0,0,OK,Ramped,South.facing,"Wet
(Months 7-9)",Platform,S1-18c,1.9918719837439671,1.099824869
M9,SanPablo,T1,24,a,2026-03-06,2026-04-03,2026,0.274858061,0,0,0,0,0,0,0,0,0,OK,Ramped,South.facing,"Wet
(Months 7-9)",Platform,S1-24a,1.9751079502159004,1.08056042
M9,SanPablo,T1,24,b,2026-03-06,2026-04-03,2026,0.243476187,0,0,0,0,0,0,0,0,0,OK,Ramped,South.facing,"Wet
(Months 7-9)",Platform,S1-24b,1.984861569723139,1.091768827
M9,SanPablo,T1,24,c,2026-03-06,2026-04-03,2026,0.549772261,0,0,0,0,0,0,0,0,0,OK,Ramped,South.facing,"Wet
(Months 7-9)",Platform,S1-24c,1.9751079502159004,1.08056042
M9,SanPablo,T1,48,a,2026-03-06,2026-04-03,2026,0.019761037,0,0,0,0,0,0,0,0,0,OK,Ramped,South.facing,"Wet
(Months 7-9)",Upland,S1-48a,2.013208026416053,1.124343257
M9,SanPablo,T1,48,b,2026-03-06,2026-04-03,2026,0.31393102,0,0,0,0,0,0,0,0,0,OK,Ramped,South.facing,"Wet
(Months 7-9)",Upland,S1-48b,2.0159512319024637,1.127495622
M9,SanPablo,T1,48,c,2026-03-06,2026-04-03,2026,0.625335772,0,0,0,0,0,0,0,0,0,OK,Ramped,South.facing,"Wet
(Months 7-9)",Upland,S1-48c,2.0144272288544576,1.125744308
M9,SanPablo,T2,0.5,a,2026-03-06,2026-04-03,2026,0.093078976,0,0,0,0,0,0,0,0,0,OK,Ramped,South.facing,"Wet
(Months 7-9)",Edge,S2-0.5a,1.727305054610109,0.795796848
M9,SanPablo,T2,0.5,b,2026-03-06,2026-04-03,2026,0.4831349,0,0,0,0,0,0,0,0,0,OK,Ramped,South.facing,"Wet
(Months 7-9)",Edge,S2-0.5b,1.7297434594869188,0.798598949
M9,SanPablo,T2,0.5,c,2026-03-06,2026-04-03,2026,0.713193792,0,0,0,0,0,0,0,0,0,OK,Ramped,South.facing,"Wet
(Months 7-9)",Edge,S2-0.5c,1.721818643637287,0.789492119
M9,SanPablo,T2,2,a,2026-03-06,2026-04-03,2026,2.207959054,0,0,0,0,0,0,0,0,0,OK,Ramped,South.facing,"Wet
(Months 7-9)",Edge,S2-2a,1.7401066802133602,0.810507881
M9,SanPablo,T2,2,b,2026-03-06,2026-04-03,2026,0.479991099,0,0,0,0,0,0,0,0,0,OK,Ramped,South.facing,"Wet
(Months 7-9)",Edge,S2-2b,1.751993903987808,0.824168126
M9,SanPablo,T2,2,c,2026-03-06,2026-04-03,2026,0.73935471,0,0,0,0,0,0,0,0,0,OK,Ramped,South.facing,"Wet
(Months 7-9)",Edge,S2-2c,1.750469900939802,0.822416813
M9,SanPablo,T2,6,a,2026-03-06,2026-04-03,2026,0.520299123,0,0,0,0,0,0,0,0,0,OK,Ramped,South.facing,"Wet
(Months 7-9)",Edge,S2-6a,1.8239268478536956,0.906830123
M9,SanPablo,T2,6,b,2026-03-06,2026-04-03,2026,0.566670193,0,0,0,0,0,0,0,0,0,OK,Ramped,South.facing,"Wet
(Months 7-9)",Edge,S2-6b,1.8135636271272544,0.894921191
M9,SanPablo,T2,6,c,2026-03-06,2026-04-03,2026,1.345883813,0,0,0,0,0,0,0,0,0,OK,Ramped,South.facing,"Wet
(Months 7-9)",Edge,S2-6c,1.8083820167640337,0.888966725
M9,SanPablo,T2,12,a,2026-03-06,2026-04-03,2026,0.686976734,0,0,0,0,0,0,0,0,0,OK,Ramped,South.facing,"Wet
(Months 7-9)",Platform,S2-12a,1.899517399034798,0.993695271
M9,SanPablo,T2,12,b,2026-03-06,2026-04-03,2026,0.989343057,0,1,0,0,0,0,0,0,0,Review,Ramped,South.facing,"Wet
(Months 7-9)",Platform,S2-12b,1.8912877825755652,0.984238179
M9,SanPablo,T2,12,c,2026-03-06,2026-04-03,2026,0.57834717,0,1,0,0,0,0,0,0,0,Review,Ramped,South.facing,"Wet
(Months 7-9)",Platform,S2-12c,1.8836677673355344,0.975481611
M9,SanPablo,T2,18,a,2026-03-06,2026-04-03,2026,0.454279295,0,0,0,0,0,0,0,0,0,OK,Ramped,South.facing,"Wet
(Months 7-9)",Platform,S2-18a,1.9677927355854712,1.072154116
M9,SanPablo,T2,18,b,2026-03-06,2026-04-03,2026,0.224051985,0,0,0,0,0,0,0,0,0,OK,Ramped,South.facing,"Wet
(Months 7-9)",Platform,S2-18b,1.9677927355854712,1.072154116
M9,SanPablo,T2,18,c,2026-03-06,2026-04-03,2026,0.46202652,0,0,0,0,0,0,0,0,0,OK,Ramped,South.facing,"Wet
(Months 7-9)",Platform,S2-18c,1.9613919227838457,1.064798599
M9,SanPablo,T2,24,a,2026-03-06,2026-04-03,2026,0.915800561,0,0,0,0,0,0,0,0,0,OK,Ramped,South.facing,"Wet
(Months 7-9)",Platform,S2-24a,2.0001016002032004,1.109281961
M9,SanPablo,T2,24,b,2026-03-06,2026-04-03,2026,0.246395431,0,0,0,0,0,0,0,0,0,OK,Ramped,South.facing,"Wet
(Months 7-9)",Platform,S2-24b,1.9979679959359915,1.106830123
M9,SanPablo,T2,24,c,2026-03-06,2026-04-03,2026,0.452370558,0,0,0,0,0,0,0,0,0,OK,Ramped,South.facing,"Wet
(Months 7-9)",Platform,S2-24c,1.9915671831343664,1.099474606
M9,SanPablo,T2,48,a,2026-03-06,2026-04-03,2026,0.132320353,0,0,0,0,0,0,0,0,0,OK,Ramped,South.facing,"Wet
(Months 7-9)",Upland,S2-48a,2.0138176276352553,1.125043783
M9,SanPablo,T2,48,b,2026-03-06,2026-04-03,2026,0.334365729,0,0,0,0,0,0,0,0,0,OK,Ramped,South.facing,"Wet
(Months 7-9)",Upland,S2-48b,2.022961645923292,1.135551664
M9,SanPablo,T2,48,c,2026-03-06,2026-04-03,2026,0.43193585,0,0,0,0,0,0,0,0,0,OK,Ramped,South.facing,"Wet
(Months 7-9)",Upland,S2-48c,2.0205232410464817,1.132749562
M10,SanPablo,T1,0.5,a,2026-04-03,2026-04-30,2026,0.83019643,0,0,0,0,0,0,0,0,0,OK,Ramped,South.facing,"Growth
(Months 10-12)",Edge,S1-0.5a,1.706273812547625,0.771628722
M10,SanPablo,T1,0.5,b,2026-04-03,2026-04-30,2026,0.140073816,0,0,0,0,0,0,0,0,0,OK,Ramped,South.facing,"Growth
(Months 10-12)",Edge,S1-0.5b,1.722733045466091,0.790542907
M10,SanPablo,T1,0.5,c,2026-04-03,2026-04-30,2026,0.273219625,0,0,0,0,0,0,0,0,0,OK,Ramped,South.facing,"Growth
(Months 10-12)",Edge,S1-0.5c,1.723037846075692,0.79089317
M10,SanPablo,T1,2,a,2026-04-03,2026-04-30,2026,0.793926278,0,0,0,0,0,0,0,0,0,OK,Ramped,South.facing,"Growth
(Months 10-12)",Edge,S1-2a,1.6913385826771654,0.754465849
M10,SanPablo,T1,2,b,2026-04-03,2026-04-30,2026,1.33145809,0,0,0,0,0,0,0,0,0,OK,Ramped,South.facing,"Growth
(Months 10-12)",Edge,S1-2b,1.7202946405892812,0.787740806
M10,SanPablo,T1,2,c,2026-04-03,2026-04-30,2026,0.821754741,0,0,0,0,0,0,0,0,0,OK,Ramped,South.facing,"Growth
(Months 10-12)",Edge,S1-2c,1.7550419100838202,0.827670753
M10,SanPablo,T1,6,a,2026-04-03,2026-04-30,2026,0.817621225,0,0,0,0,0,0,0,0,0,OK,Ramped,South.facing,"Growth
(Months 10-12)",Edge,S1-6a,1.8266700533401063,0.909982487
M10,SanPablo,T1,6,b,2026-04-03,2026-04-30,2026,0.721677065,0,0,0,0,0,0,0,0,0,OK,Ramped,South.facing,"Growth
(Months 10-12)",Edge,S1-6b,1.8254508509017016,0.908581436
M10,SanPablo,T1,6,c,2026-04-03,2026-04-30,2026,0.734718019,0,0,0,0,0,0,0,0,0,OK,Ramped,South.facing,"Growth
(Months 10-12)",Edge,S1-6c,1.83002286004572,0.913835377
M10,SanPablo,T1,12,a,2026-04-03,2026-04-30,2026,0.732389277,0,0,0,0,0,0,0,0,0,OK,Ramped,South.facing,"Growth
(Months 10-12)",Platform,S1-12a,1.877266954533909,0.968126095
M10,SanPablo,T1,12,b,2026-04-03,2026-04-30,2026,0.907568875,0,0,0,0,0,0,0,0,0,OK,Ramped,South.facing,"Growth
(Months 10-12)",Platform,S1-12b,1.889763779527559,0.982486865
M10,SanPablo,T1,12,c,2026-04-03,2026-04-30,2026,0.807258324,0,0,0,0,0,0,0,0,0,OK,Ramped,South.facing,"Growth
(Months 10-12)",Platform,S1-12c,1.8851917703835408,0.977232925
M10,SanPablo,T1,18,a,2026-04-03,2026-04-30,2026,1.217233307,0,0,0,0,0,0,0,0,0,OK,Ramped,South.facing,"Growth
(Months 10-12)",Platform,S1-18a,1.9778511557023113,1.083712785
M10,SanPablo,T1,18,b,2026-04-03,2026-04-30,2026,0.380050652,0,0,0,0,0,0,0,0,0,OK,Ramped,South.facing,"Growth
(Months 10-12)",Platform,S1-18b,1.9882143764287528,1.095621716
M10,SanPablo,T1,18,c,2026-04-03,2026-04-30,2026,0.692393138,0,0,0,0,0,0,0,0,0,OK,Ramped,South.facing,"Growth
(Months 10-12)",Platform,S1-18c,1.9918719837439671,1.099824869
M10,SanPablo,T1,24,a,2026-04-03,2026-04-30,2026,1.296701619,0,0,0,0,0,0,0,0,0,OK,Ramped,South.facing,"Growth
(Months 10-12)",Platform,S1-24a,1.9751079502159004,1.08056042
M10,SanPablo,T1,24,b,2026-04-03,2026-04-30,2026,1.165244148,0,0,0,0,0,0,0,0,0,OK,Ramped,South.facing,"Growth
(Months 10-12)",Platform,S1-24b,1.984861569723139,1.091768827
M10,SanPablo,T1,24,c,2026-04-03,2026-04-30,2026,0.795090649,0,0,0,0,0,0,0,0,0,OK,Ramped,South.facing,"Growth
(Months 10-12)",Platform,S1-24c,1.9751079502159004,1.08056042
M10,SanPablo,T1,48,a,2026-04-03,2026-04-30,2026,1.118145346,0,0,0,0,0,0,0,0,0,OK,Ramped,South.facing,"Growth
(Months 10-12)",Upland,S1-48a,2.013208026416053,1.124343257
M10,SanPablo,T1,48,b,2026-04-03,2026-04-30,2026,1.151737446,0,0,0,0,0,0,0,0,0,OK,Ramped,South.facing,"Growth
(Months 10-12)",Upland,S1-48b,2.0159512319024637,1.127495622
M10,SanPablo,T1,48,c,2026-04-03,2026-04-30,2026,1.017601922,0,0,0,0,0,0,0,0,0,OK,Ramped,South.facing,"Growth
(Months 10-12)",Upland,S1-48c,2.0144272288544576,1.125744308
M10,SanPablo,T2,0.5,a,2026-04-03,2026-04-30,2026,-0.088375749,0,0,0,0,0,0,0,0,1,Review,Ramped,South.facing,"Growth
(Months 10-12)",Edge,S2-0.5a,1.727305054610109,0.795796848
M10,SanPablo,T2,0.5,b,2026-04-03,2026-04-30,2026,0.424122089,0,0,0,0,0,0,0,0,0,OK,Ramped,South.facing,"Growth
(Months 10-12)",Edge,S2-0.5b,1.7297434594869188,0.798598949
M10,SanPablo,T2,0.5,c,2026-04-03,2026-04-30,2026,0.1390841,0,0,0,0,0,0,0,0,0,OK,Ramped,South.facing,"Growth
(Months 10-12)",Edge,S2-0.5c,1.721818643637287,0.789492119
M10,SanPablo,T2,2,a,2026-04-03,2026-04-30,2026,1.917777041,0,0,0,0,0,0,0,0,0,OK,Ramped,South.facing,"Growth
(Months 10-12)",Edge,S2-2a,1.7401066802133602,0.810507881
M10,SanPablo,T2,2,b,2026-04-03,2026-04-30,2026,0.368989129,0,0,0,0,0,0,0,0,0,OK,Ramped,South.facing,"Growth
(Months 10-12)",Edge,S2-2b,1.751993903987808,0.824168126
M10,SanPablo,T2,2,c,2026-04-03,2026-04-30,2026,0.177508339,0,0,0,0,1,0,0,0,0,Review,Ramped,South.facing,"Growth
(Months 10-12)",Edge,S2-2c,1.750469900939802,0.822416813
M10,SanPablo,T2,6,a,2026-04-03,2026-04-30,2026,0.819891748,0,0,0,0,0,0,0,0,0,OK,Ramped,South.facing,"Growth
(Months 10-12)",Edge,S2-6a,1.8239268478536956,0.906830123
M10,SanPablo,T2,6,b,2026-04-03,2026-04-30,2026,0.880380815,0,0,0,0,0,0,0,0,0,OK,Ramped,South.facing,"Growth
(Months 10-12)",Edge,S2-6b,1.8135636271272544,0.894921191
M10,SanPablo,T2,6,c,2026-04-03,2026-04-30,2026,1.262876645,0,0,0,0,0,0,0,0,0,OK,Ramped,South.facing,"Growth
(Months 10-12)",Edge,S2-6c,1.8083820167640337,0.888966725
M10,SanPablo,T2,12,a,2026-04-03,2026-04-30,2026,0.943256842,0,0,0,0,0,0,0,0,0,OK,Ramped,South.facing,"Growth
(Months 10-12)",Platform,S2-12a,1.899517399034798,0.993695271
M10,SanPablo,T2,12,b,2026-04-03,2026-04-30,2026,0.749330873,0,0,0,0,0,0,0,0,0,OK,Ramped,South.facing,"Growth
(Months 10-12)",Platform,S2-12b,1.8912877825755652,0.984238179
M10,SanPablo,T2,12,c,2026-04-03,2026-04-30,2026,0.861459788,0,0,0,0,0,0,0,0,0,OK,Ramped,South.facing,"Growth
(Months 10-12)",Platform,S2-12c,1.8836677673355344,0.975481611
M10,SanPablo,T2,18,a,2026-04-03,2026-04-30,2026,0.804172741,0,0,0,0,0,0,0,0,0,OK,Ramped,South.facing,"Growth
(Months 10-12)",Platform,S2-18a,1.9677927355854712,1.072154116
M10,SanPablo,T2,18,b,2026-04-03,2026-04-30,2026,0.945352709,0,0,0,0,0,0,0,0,0,OK,Ramped,South.facing,"Growth
(Months 10-12)",Platform,S2-18b,1.9677927355854712,1.072154116
M10,SanPablo,T2,18,c,2026-04-03,2026-04-30,2026,3.050768116,0,0,0,0,0,0,0,0,0,OK,Ramped,South.facing,"Growth
(Months 10-12)",Platform,S2-18c,1.9613919227838457,1.064798599
M10,SanPablo,T2,24,a,2026-04-03,2026-04-30,2026,2.69685759,0,0,0,0,0,0,0,0,0,OK,Ramped,South.facing,"Growth
(Months 10-12)",Platform,S2-24a,2.0001016002032004,1.109281961
M10,SanPablo,T2,24,b,2026-04-03,2026-04-30,2026,1.233068751,0,0,0,0,0,0,0,0,0,OK,Ramped,South.facing,"Growth
(Months 10-12)",Platform,S2-24b,1.9979679959359915,1.106830123
M10,SanPablo,T2,24,c,2026-04-03,2026-04-30,2026,1.08402928,0,0,0,0,0,0,0,0,0,OK,Ramped,South.facing,"Growth
(Months 10-12)",Platform,S2-24c,1.9915671831343664,1.099474606
M10,SanPablo,T2,48,a,2026-04-03,2026-04-30,2026,2.040734605,0,0,0,0,0,0,0,0,0,OK,Ramped,South.facing,"Growth
(Months 10-12)",Upland,S2-48a,2.0138176276352553,1.125043783
M10,SanPablo,T2,48,b,2026-04-03,2026-04-30,2026,0.521114183,0,0,0,0,0,0,0,0,0,OK,Ramped,South.facing,"Growth
(Months 10-12)",Upland,S2-48b,2.022961645923292,1.135551664
M10,SanPablo,T2,48,c,2026-04-03,2026-04-30,2026,1.605434555,0,0,0,0,0,0,0,0,0,OK,Ramped,South.facing,"Growth
(Months 10-12)",Upland,S2-48c,2.0205232410464817,1.132749562
