Site,Tran,Dist,Month ,Season ,Year ,Flux (Avg per Replicate) 
Corte Madera,A,0.5,APRIL ,Spring ,2023,0.628930818
Corte Madera,B,0.5,APRIL ,Spring ,2023,0
Corte Madera,C,0.5,APRIL ,Spring ,2023,0.871241378
Corte Madera,D,0.5,APRIL ,Spring ,2023,0.490075962
Corte Madera,A,2,APRIL ,Spring ,2023,1.682389937
Corte Madera,B,2,APRIL ,Spring ,2023,0.467709027
Corte Madera,C,2,APRIL ,Spring ,2023,1.277335706
Corte Madera,D,2,APRIL ,Spring ,2023,0.499877481
Corte Madera,A,6,APRIL ,Spring ,2023,1.178020093
Corte Madera,B,6,APRIL ,Spring ,2023,0.922095118
Corte Madera,C,6,APRIL ,Spring ,2023,1.440862517
Corte Madera,D,6,APRIL ,Spring ,2023,0.560115984
Corte Madera,A,12,APRIL ,Spring ,2023,0.784325737
Corte Madera,B,12,APRIL ,Spring ,2023,1.483511523
Corte Madera,C,12,APRIL ,Spring ,2023,0.76064492
Corte Madera,D,12,APRIL ,Spring ,2023,0.520909908
Corte Madera,A,18,APRIL ,Spring ,2023,2.258841787
Corte Madera,B,18,APRIL ,Spring ,2023,3.275227568
Corte Madera,A,24,APRIL ,Spring ,2023,0.957002283
Corte Madera,B,24,APRIL ,Spring ,2023,3.676872523
Corte Madera,C,24,APRIL ,Spring ,2023,0.939912479
Corte Madera,D,24,APRIL ,Spring ,2023,0.751858205
Corte Madera,A,30,APRIL ,Spring ,2023,1.370073984
Corte Madera,B,30,APRIL ,Spring ,2023,0.49575748
Corte Madera,A,48,APRIL ,Spring ,2023,82.61983936
Corte Madera,B,48,APRIL ,Spring ,2023,56.69202076
Corte Madera,C,48,APRIL ,Spring ,2023,80.97529122
Corte Madera,D,48,APRIL ,Spring ,2023,91.09004333
San Pablo,A,0.5,APRIL ,Spring ,2023,89.82104773
San Pablo,B,0.5,APRIL ,Spring ,2023,31.40221799
San Pablo,C,0.5,APRIL ,Spring ,2023,76.63544772
San Pablo,D,0.5,APRIL ,Spring ,2023,113.5670346
San Pablo,A,2,APRIL ,Spring ,2023,90.60997194
San Pablo,B,2,APRIL ,Spring ,2023,10.10579932
San Pablo,C,2,APRIL ,Spring ,2023,44.927083
San Pablo,D,2,APRIL ,Spring ,2023,45.45204679
San Pablo,A,6,APRIL ,Spring ,2023,5.640354444
San Pablo,B,6,APRIL ,Spring ,2023,19.05265681
San Pablo,C,6,APRIL ,Spring ,2023,4.477272827
San Pablo,D,6,APRIL ,Spring ,2023,14.2568179
San Pablo,A,9,APRIL ,Spring ,2023,2.771682633
San Pablo,B,9,APRIL ,Spring ,2023,4.82363459
San Pablo,A,12,APRIL ,Spring ,2023,0
San Pablo,B,12,APRIL ,Spring ,2023,3.20596548
San Pablo,C,12,APRIL ,Spring ,2023,50.6487546
San Pablo,D,12,APRIL ,Spring ,2023,11.48730373
San Pablo,A,18,APRIL ,Spring ,2023,0.162063051
San Pablo,B,18,APRIL ,Spring ,2023,3.079603562
San Pablo,A,24,APRIL ,Spring ,2023,0.178799157
San Pablo,B,24,APRIL ,Spring ,2023,1.218278711
San Pablo,C,24,APRIL ,Spring ,2023,2.193617581
San Pablo,D,24,APRIL ,Spring ,2023,3.584591259
San Pablo,A,48,APRIL ,Spring ,2023,0.951755601
San Pablo,B,48,APRIL ,Spring ,2023,3.285015604
San Pablo,C,48,APRIL ,Spring ,2023,0.551182407
San Pablo,D,48,APRIL ,Spring ,2023,0.756988713
San Pablo,A,72,APRIL ,Spring ,2023,1.561880618
San Pablo,B,72,APRIL ,Spring ,2023,1.064515378
San Pablo,C,72,APRIL ,Spring ,2023,2.27175467
San Pablo,D,72,APRIL ,Spring ,2023,0.491254134
San Pablo,A,150,APRIL ,Spring ,2023,1.261647856
San Pablo,B,150,APRIL ,Spring ,2023,0.754257419
San Pablo,C,150,APRIL ,Spring ,2023,1.912133083
San Pablo,D,150,APRIL ,Spring ,2023,0.19811814
Corte Madera,A,0.5,AUGUST,Summer ,2022,0.482868963
Corte Madera,B,0.5,AUGUST,Summer ,2022,0.153742211
Corte Madera,C,0.5,AUGUST,Summer ,2022,3.142221286
Corte Madera,D,0.5,AUGUST,Summer ,2022,4.190036727
Corte Madera,A,2,AUGUST,Summer ,2022,3.776382385
Corte Madera,B,2,AUGUST,Summer ,2022,3.436230295
Corte Madera,C,2,AUGUST,Summer ,2022,4.063245342
Corte Madera,D,2,AUGUST,Summer ,2022,8.64182314
Corte Madera,A,6,AUGUST,Summer ,2022,2.427207709
Corte Madera,B,6,AUGUST,Summer ,2022,3.527699764
Corte Madera,C,6,AUGUST,Summer ,2022,12.00250945
Corte Madera,D,6,AUGUST,Summer ,2022,10.99144514
Corte Madera,A,12,AUGUST,Summer ,2022,8.203259701
Corte Madera,B,12,AUGUST,Summer ,2022,8.482613633
Corte Madera,C,12,AUGUST,Summer ,2022,22.29609154
Corte Madera,D,12,AUGUST,Summer ,2022,9.275575896
Corte Madera,A,24,AUGUST,Summer ,2022,17.84410096
Corte Madera,B,24,AUGUST,Summer ,2022,24.48829622
Corte Madera,C,24,AUGUST,Summer ,2022,10.1230977
Corte Madera,D,24,AUGUST,Summer ,2022,10.2656104
Corte Madera,A,48,AUGUST,Summer ,2022,6.314660164
Corte Madera,B,48,AUGUST,Summer ,2022,6.964542578
Corte Madera,C,48,AUGUST,Summer ,2022,11.28810839
Corte Madera,D,48,AUGUST,Summer ,2022,7.164223697
San Pablo,A,0.5,AUGUST,Summer ,2022,4.436677618
San Pablo,B,0.5,AUGUST,Summer ,2022,4.216170861
San Pablo,C,0.5,AUGUST,Summer ,2022,8.451533976
San Pablo,D,0.5,AUGUST,Summer ,2022,49.82738101
San Pablo,A,2,AUGUST,Summer ,2022,16.97697855
San Pablo,B,2,AUGUST,Summer ,2022,5.725008762
San Pablo,C,2,AUGUST,Summer ,2022,6.537412821
San Pablo,D,2,AUGUST,Summer ,2022,4.357254351
San Pablo,A,6,AUGUST,Summer ,2022,6.578451581
San Pablo,B,6,AUGUST,Summer ,2022,4.187586652
San Pablo,C,6,AUGUST,Summer ,2022,1.595203048
San Pablo,D,6,AUGUST,Summer ,2022,1.323040542
San Pablo,A,12,AUGUST,Summer ,2022,2.49499312
San Pablo,B,12,AUGUST,Summer ,2022,2.180566818
San Pablo,C,12,AUGUST,Summer ,2022,107.7941156
San Pablo,D,12,AUGUST,Summer ,2022,57.36544531
San Pablo,A,24,AUGUST,Summer ,2022,1.874307434
San Pablo,B,24,AUGUST,Summer ,2022,1.875940817
San Pablo,C,24,AUGUST,Summer ,2022,0
San Pablo,D,24,AUGUST,Summer ,2022,83.32480746
San Pablo,A,48,AUGUST,Summer ,2022,1.670134511
San Pablo,B,48,AUGUST,Summer ,2022,4.382571794
San Pablo,C,48,AUGUST,Summer ,2022,2.608147903
San Pablo,D,48,AUGUST,Summer ,2022,3.164680307
San Pablo,A,72,AUGUST,Summer ,2022,2.722441756
San Pablo,B,72,AUGUST,Summer ,2022,8.835583243
San Pablo,C,72,AUGUST,Summer ,2022,3.371711651
San Pablo,D,72,AUGUST,Summer ,2022,5.143728451
San Pablo,A,150,AUGUST,Summer ,2022,7.515605297
San Pablo,B,150,AUGUST,Summer ,2022,4.107755039
San Pablo,C,150,AUGUST,Summer ,2022,9.436872504
San Pablo,D,150,AUGUST,Summer ,2022,5.251735927
Corte Madera,A,0.5,AUGUST,Summer ,2023,0
Corte Madera,B,0.5,AUGUST,Summer ,2023,0
Corte Madera,C,0.5,AUGUST,Summer ,2023,5.889896267
Corte Madera,D,0.5,AUGUST,Summer ,2023,14.51564159
Corte Madera,A,2,AUGUST,Summer ,2023,0
Corte Madera,B,2,AUGUST,Summer ,2023,0
Corte Madera,C,2,AUGUST,Summer ,2023,8.972360625
Corte Madera,D,2,AUGUST,Summer ,2023,6.774687578
Corte Madera,A,6,AUGUST,Summer ,2023,3.093422999
Corte Madera,B,6,AUGUST,Summer ,2023,6.010032944
Corte Madera,C,6,AUGUST,Summer ,2023,35.00755534
Corte Madera,D,6,AUGUST,Summer ,2023,7.181654822
Corte Madera,A,12,AUGUST,Summer ,2023,5.509066405
Corte Madera,B,12,AUGUST,Summer ,2023,3.83014784
Corte Madera,C,12,AUGUST,Summer ,2023,29.51192303
Corte Madera,D,12,AUGUST,Summer ,2023,8.134035775
Corte Madera,A,18,AUGUST,Summer ,2023,9.289798252
Corte Madera,B,18,AUGUST,Summer ,2023,12.76474002
Corte Madera,A,24,AUGUST,Summer ,2023,0
Corte Madera,B,24,AUGUST,Summer ,2023,14.21649106
Corte Madera,C,24,AUGUST,Summer ,2023,8.07400147
Corte Madera,D,24,AUGUST,Summer ,2023,5.253976866
Corte Madera,A,30,AUGUST,Summer ,2023,15.11639304
Corte Madera,B,30,AUGUST,Summer ,2023,7.633137303
Corte Madera,A,48,AUGUST,Summer ,2023,10.07963734
Corte Madera,B,48,AUGUST,Summer ,2023,6.183533448
Corte Madera,C,48,AUGUST,Summer ,2023,6.893326799
Corte Madera,D,48,AUGUST,Summer ,2023,5.179081924
San Pablo,A,0.5,AUGUST,Summer ,2023,14.54262479
San Pablo,B,0.5,AUGUST,Summer ,2023,10.70111124
San Pablo,A,2,AUGUST,Summer ,2023,22.24504831
San Pablo,B,2,AUGUST,Summer ,2023,20.72150996
San Pablo,A,6,AUGUST,Summer ,2023,7.335116434
San Pablo,B,6,AUGUST,Summer ,2023,11.97270021
San Pablo,A,9,AUGUST,Summer ,2023,1.914937845
San Pablo,B,9,AUGUST,Summer ,2023,1.215441411
San Pablo,A,12,AUGUST,Summer ,2023,2.860666825
San Pablo,B,12,AUGUST,Summer ,2023,9.592656445
San Pablo,A,18,AUGUST,Summer ,2023,3.138750346
San Pablo,B,18,AUGUST,Summer ,2023,0
San Pablo,A,24,AUGUST,Summer ,2023,8.902551962
San Pablo,B,24,AUGUST,Summer ,2023,1.099267018
San Pablo,A,48,AUGUST,Summer ,2023,19.32639638
San Pablo,B,48,AUGUST,Summer ,2023,10.57207396
San Pablo,A,72,AUGUST,Summer ,2023,14.68493332
San Pablo,B,72,AUGUST,Summer ,2023,15.83034342
San Pablo,A,150,AUGUST,Summer ,2023,2.19118381
San Pablo,B,150,AUGUST,Summer ,2023,4.827056247
San Pablo,C,0.5,AUGUST,Summer ,2023,58.30903427
San Pablo,D,0.5,AUGUST,Summer ,2023,16.04823374
San Pablo,C,2,AUGUST,Summer ,2023,17.17254597
San Pablo,D,2,AUGUST,Summer ,2023,10.19863412
San Pablo,C,6,AUGUST,Summer ,2023,0.839105342
San Pablo,D,6,AUGUST,Summer ,2023,8.892441623
San Pablo,C,12,AUGUST,Summer ,2023,0.819202263
San Pablo,D,12,AUGUST,Summer ,2023,3.202490108
San Pablo,C,24,AUGUST,Summer ,2023,81.49315703
San Pablo,D,24,AUGUST,Summer ,2023,58.49197321
San Pablo,C,48,AUGUST,Summer ,2023,30.8802623
San Pablo,D,48,AUGUST,Summer ,2023,11.63800785
San Pablo,C,72,AUGUST,Summer ,2023,21.02315655
San Pablo,D,72,AUGUST,Summer ,2023,11.35322444
San Pablo,C,150,AUGUST,Summer ,2023,2.906273007
San Pablo,D,150,AUGUST,Summer ,2023,2.829836714
San Pablo,A,0.5,DECEMBER,Winter ,2022,60.88987832
San Pablo,B,0.5,DECEMBER,Winter ,2022,20.0003712
San Pablo,C,0.5,DECEMBER,Winter ,2022,140.5932706
San Pablo,D,0.5,DECEMBER,Winter ,2022,67.57164141
San Pablo,A,2,DECEMBER,Winter ,2022,11.54557045
San Pablo,B,2,DECEMBER,Winter ,2022,4.413197733
San Pablo,C,2,DECEMBER,Winter ,2022,54.96008412
San Pablo,D,2,DECEMBER,Winter ,2022,3.024005163
San Pablo,A,6,DECEMBER,Winter ,2022,0.239086493
San Pablo,B,6,DECEMBER,Winter ,2022,0.672137263
San Pablo,C,6,DECEMBER,Winter ,2022,0.442442724
San Pablo,D,6,DECEMBER,Winter ,2022,2.414548988
San Pablo,A,12,DECEMBER,Winter ,2022,0.698679743
San Pablo,B,12,DECEMBER,Winter ,2022,1.157456301
San Pablo,C,12,DECEMBER,Winter ,2022,4.484454082
San Pablo,D,12,DECEMBER,Winter ,2022,7.593871584
San Pablo,A,24,DECEMBER,Winter ,2022,2.384943914
San Pablo,B,24,DECEMBER,Winter ,2022,4.725173958
San Pablo,C,24,DECEMBER,Winter ,2022,8.084431062
San Pablo,D,24,DECEMBER,Winter ,2022,22.23933147
San Pablo,A,48,DECEMBER,Winter ,2022,2.863729419
San Pablo,B,48,DECEMBER,Winter ,2022,7.498046425
San Pablo,C,48,DECEMBER,Winter ,2022,3.203064817
San Pablo,D,48,DECEMBER,Winter ,2022,8.228244022
San Pablo,A,72,DECEMBER,Winter ,2022,1.244638139
San Pablo,B,72,DECEMBER,Winter ,2022,1.097837807
San Pablo,C,72,DECEMBER,Winter ,2022,1.731182215
San Pablo,D,72,DECEMBER,Winter ,2022,1.411006043
San Pablo,A,150,DECEMBER,Winter ,2022,13.83026546
San Pablo,B,150,DECEMBER,Winter ,2022,177.0648841
San Pablo,C,150,DECEMBER,Winter ,2022,121.9432991
San Pablo,D,150,DECEMBER,Winter ,2022,0.159058224
Corte Madera,A,0.5,DECEMBER,Winter ,2022,1.72779003
Corte Madera,B,0.5,DECEMBER,Winter ,2022,1.565762446
Corte Madera,C,0.5,DECEMBER,Winter ,2022,2.563520803
Corte Madera,D,0.5,DECEMBER,Winter ,2022,2.014514719
Corte Madera,A,2,DECEMBER,Winter ,2022,2.145443655
Corte Madera,B,2,DECEMBER,Winter ,2022,3.631190612
Corte Madera,C,2,DECEMBER,Winter ,2022,4.897015982
Corte Madera,D,2,DECEMBER,Winter ,2022,2.336845544
Corte Madera,A,6,DECEMBER,Winter ,2022,2.285387568
Corte Madera,B,6,DECEMBER,Winter ,2022,2.251942034
Corte Madera,C,6,DECEMBER,Winter ,2022,3.808707016
Corte Madera,D,6,DECEMBER,Winter ,2022,2.31315854
Corte Madera,A,12,DECEMBER,Winter ,2022,4.865092978
Corte Madera,B,12,DECEMBER,Winter ,2022,6.329875575
Corte Madera,C,12,DECEMBER,Winter ,2022,3.168240785
Corte Madera,D,12,DECEMBER,Winter ,2022,2.229573362
Corte Madera,A,24,DECEMBER,Winter ,2022,3.001170737
Corte Madera,B,24,DECEMBER,Winter ,2022,8.021454438
Corte Madera,C,24,DECEMBER,Winter ,2022,2.534479264
Corte Madera,D,24,DECEMBER,Winter ,2022,1.641754472
Corte Madera,A,48,DECEMBER,Winter ,2022,1.078983909
Corte Madera,B,48,DECEMBER,Winter ,2022,1.666530534
Corte Madera,C,48,DECEMBER,Winter ,2022,2.495303439
Corte Madera,D,48,DECEMBER,Winter ,2022,8.089146505
San Pablo,A,0.5,FEBRUARY ,Winter ,2023,251.3973316
San Pablo,B,0.5,FEBRUARY ,Winter ,2023,58.66425969
San Pablo,C,0.5,FEBRUARY ,Winter ,2023,36.62879137
San Pablo,D,0.5,FEBRUARY ,Winter ,2023,48.12595171
San Pablo,A,2,FEBRUARY ,Winter ,2023,96.66154472
San Pablo,B,2,FEBRUARY ,Winter ,2023,11.67536811
San Pablo,C,2,FEBRUARY ,Winter ,2023,36.17242969
San Pablo,D,2,FEBRUARY ,Winter ,2023,101.3747851
San Pablo,A,6,FEBRUARY ,Winter ,2023,47.15487712
San Pablo,B,6,FEBRUARY ,Winter ,2023,1.404963167
San Pablo,C,6,FEBRUARY ,Winter ,2023,1.959496826
San Pablo,D,6,FEBRUARY ,Winter ,2023,6.701045452
San Pablo,A,9,FEBRUARY ,Winter ,2023,1.641916405
San Pablo,B,9,FEBRUARY ,Winter ,2023,1.471593944
San Pablo,A,12,FEBRUARY ,Winter ,2023,0.767239602
San Pablo,B,12,FEBRUARY ,Winter ,2023,1.351737398
San Pablo,C,12,FEBRUARY ,Winter ,2023,2.159192025
San Pablo,D,12,FEBRUARY ,Winter ,2023,4.114016811
San Pablo,A,18,FEBRUARY ,Winter ,2023,0.553350864
San Pablo,B,18,FEBRUARY ,Winter ,2023,1.704013135
San Pablo,A,24,FEBRUARY ,Winter ,2023,1.720769396
San Pablo,B,24,FEBRUARY ,Winter ,2023,1.971457537
San Pablo,C,24,FEBRUARY ,Winter ,2023,8.844846619
San Pablo,D,24,FEBRUARY ,Winter ,2023,21.27556036
San Pablo,A,48,FEBRUARY ,Winter ,2023,0.793261089
San Pablo,B,48,FEBRUARY ,Winter ,2023,2.745858278
San Pablo,C,48,FEBRUARY ,Winter ,2023,4.215086631
San Pablo,D,48,FEBRUARY ,Winter ,2023,6.343723123
San Pablo,A,72,FEBRUARY ,Winter ,2023,1.897738037
San Pablo,B,72,FEBRUARY ,Winter ,2023,0.428846771
San Pablo,C,72,FEBRUARY ,Winter ,2023,1.411271406
San Pablo,D,72,FEBRUARY ,Winter ,2023,1.090536865
San Pablo,A,150,FEBRUARY ,Winter ,2023,61.42253732
San Pablo,B,150,FEBRUARY ,Winter ,2023,53.14376179
San Pablo,C,150,FEBRUARY ,Winter ,2023,121.4377459
San Pablo,D,150,FEBRUARY ,Winter ,2023,0.120250811
Corte Madera,A,0.5,FEBRUARY ,Winter ,2023,0.724604536
Corte Madera,B,0.5,FEBRUARY ,Winter ,2023,1.47258751
Corte Madera,C,0.5,FEBRUARY ,Winter ,2023,1.350485992
Corte Madera,D,0.5,FEBRUARY ,Winter ,2023,1.056603773
Corte Madera,A,2,FEBRUARY ,Winter ,2023,1.670954832
Corte Madera,B,2,FEBRUARY ,Winter ,2023,0.885077187
Corte Madera,C,2,FEBRUARY ,Winter ,2023,2.497045931
Corte Madera,D,2,FEBRUARY ,Winter ,2023,1.152086907
Corte Madera,A,6,FEBRUARY ,Winter ,2023,1.946826758
Corte Madera,B,6,FEBRUARY ,Winter ,2023,1.713741185
Corte Madera,C,6,FEBRUARY ,Winter ,2023,1.526014866
Corte Madera,D,6,FEBRUARY ,Winter ,2023,1.006861063
Corte Madera,A,12,FEBRUARY ,Winter ,2023,1.692014485
Corte Madera,B,12,FEBRUARY ,Winter ,2023,2.037735849
Corte Madera,C,12,FEBRUARY ,Winter ,2023,1.157995045
Corte Madera,D,12,FEBRUARY ,Winter ,2023,0.923575376
Corte Madera,A,18,FEBRUARY ,Winter ,2023,1.478178006
Corte Madera,B,18,FEBRUARY ,Winter ,2023,4.761196874
Corte Madera,A,24,FEBRUARY ,Winter ,2023,1.634648371
Corte Madera,B,24,FEBRUARY ,Winter ,2023,2.347246045
Corte Madera,C,24,FEBRUARY ,Winter ,2023,1.024776062
Corte Madera,D,24,FEBRUARY ,Winter ,2023,0.90089575
Corte Madera,A,30,FEBRUARY ,Winter ,2023,1.327806365
Corte Madera,B,30,FEBRUARY ,Winter ,2023,1.024966648
Corte Madera,A,48,FEBRUARY ,Winter ,2023,0.511720983
Corte Madera,B,48,FEBRUARY ,Winter ,2023,0.708785973
Corte Madera,C,48,FEBRUARY ,Winter ,2023,1.07890223
Corte Madera,D,48,FEBRUARY ,Winter ,2023,199.0789206
San Pablo,A,0.5,JANUARY ,Winter ,2023,11.09291908
San Pablo,B,0.5,JANUARY ,Winter ,2023,5.856087779
San Pablo,C,0.5,JANUARY ,Winter ,2023,4.967118872
San Pablo,D,0.5,JANUARY ,Winter ,2023,3.36742402
San Pablo,A,2,JANUARY ,Winter ,2023,3.918690912
San Pablo,B,2,JANUARY ,Winter ,2023,2.487234549
San Pablo,C,2,JANUARY ,Winter ,2023,4.909950453
San Pablo,D,2,JANUARY ,Winter ,2023,3.047893395
San Pablo,A,6,JANUARY ,Winter ,2023,1.290372874
San Pablo,B,6,JANUARY ,Winter ,2023,0.293804836
San Pablo,C,6,JANUARY ,Winter ,2023,0.851605262
San Pablo,D,6,JANUARY ,Winter ,2023,1.176036037
San Pablo,A,9,JANUARY ,Winter ,2023,0.875697667
San Pablo,B,9,JANUARY ,Winter ,2023,0.136387513
San Pablo,A,12,JANUARY ,Winter ,2023,0
San Pablo,B,12,JANUARY ,Winter ,2023,5.677640643
San Pablo,C,12,JANUARY ,Winter ,2023,7.926401218
San Pablo,D,12,JANUARY ,Winter ,2023,11.19942929
San Pablo,A,18,JANUARY ,Winter ,2023,0.446730356
San Pablo,B,18,JANUARY ,Winter ,2023,3.254720566
San Pablo,A,24,JANUARY ,Winter ,2023,9.102233083
San Pablo,B,24,JANUARY ,Winter ,2023,15.55879343
San Pablo,C,24,JANUARY ,Winter ,2023,14.69629894
San Pablo,D,24,JANUARY ,Winter ,2023,14.97016289
San Pablo,A,48,JANUARY ,Winter ,2023,6.377866609
San Pablo,B,48,JANUARY ,Winter ,2023,7.490287853
San Pablo,C,48,JANUARY ,Winter ,2023,7.864899797
San Pablo,D,48,JANUARY ,Winter ,2023,16.6730785
San Pablo,A,72,JANUARY ,Winter ,2023,2.766792652
San Pablo,B,72,JANUARY ,Winter ,2023,2.473146617
San Pablo,C,72,JANUARY ,Winter ,2023,1.75149742
San Pablo,D,72,JANUARY ,Winter ,2023,2.366466265
San Pablo,A,150,JANUARY ,Winter ,2023,4.161860863
San Pablo,B,150,JANUARY ,Winter ,2023,2.963297747
San Pablo,C,150,JANUARY ,Winter ,2023,2.198534035
San Pablo,D,150,JANUARY ,Winter ,2023,0.24721453
Corte Madera,A,0.5,JANUARY ,Winter ,2023,22.2210651
Corte Madera,B,0.5,JANUARY ,Winter ,2023,0.157436903
Corte Madera,C,0.5,JANUARY ,Winter ,2023,12.10630565
Corte Madera,D,0.5,JANUARY ,Winter ,2023,1.584578943
Corte Madera,A,2,JANUARY ,Winter ,2023,21.45430042
Corte Madera,B,2,JANUARY ,Winter ,2023,33.52909145
Corte Madera,C,2,JANUARY ,Winter ,2023,31.62807318
Corte Madera,D,2,JANUARY ,Winter ,2023,8.241444091
Corte Madera,A,6,JANUARY ,Winter ,2023,3.929297467
Corte Madera,B,6,JANUARY ,Winter ,2023,22.66394208
Corte Madera,C,6,JANUARY ,Winter ,2023,7.475496201
Corte Madera,D,6,JANUARY ,Winter ,2023,4.39802336
Corte Madera,A,12,JANUARY ,Winter ,2023,2.875316507
Corte Madera,B,12,JANUARY ,Winter ,2023,27.14396411
Corte Madera,C,12,JANUARY ,Winter ,2023,5.825638281
Corte Madera,D,12,JANUARY ,Winter ,2023,30.61439484
Corte Madera,A,18,JANUARY ,Winter ,2023,4.104623717
Corte Madera,B,18,JANUARY ,Winter ,2023,30.03491791
Corte Madera,A,24,JANUARY ,Winter ,2023,4.930062075
Corte Madera,B,24,JANUARY ,Winter ,2023,20.27380107
Corte Madera,C,24,JANUARY ,Winter ,2023,28.28814102
Corte Madera,D,24,JANUARY ,Winter ,2023,4.420485174
Corte Madera,A,30,JANUARY ,Winter ,2023,41.25622806
Corte Madera,B,30,JANUARY ,Winter ,2023,48.43727028
Corte Madera,A,48,JANUARY ,Winter ,2023,1.553268534
Corte Madera,B,48,JANUARY ,Winter ,2023,21.62950257
Corte Madera,C,48,JANUARY ,Winter ,2023,6.525974025
Corte Madera,D,48,JANUARY ,Winter ,2023,151.6157712
Corte Madera,A,0.5,JULY ,Summer ,2022,0.072889734
Corte Madera,B,0.5,JULY ,Summer ,2022,0.01674218
Corte Madera,C,0.5,JULY ,Summer ,2022,4.386042733
Corte Madera,D,0.5,JULY ,Summer ,2022,8.789440166
Corte Madera,A,2,JULY ,Summer ,2022,10.22349244
Corte Madera,B,2,JULY ,Summer ,2022,9.90320346
Corte Madera,C,2,JULY ,Summer ,2022,5.93163176
Corte Madera,D,2,JULY ,Summer ,2022,10.16127804
Corte Madera,A,6,JULY ,Summer ,2022,3.325262311
Corte Madera,B,6,JULY ,Summer ,2022,2.843312126
Corte Madera,C,6,JULY ,Summer ,2022,11.07311431
Corte Madera,D,6,JULY ,Summer ,2022,14.08201067
Corte Madera,A,12,JULY ,Summer ,2022,8.478484803
Corte Madera,B,12,JULY ,Summer ,2022,10.02536971
Corte Madera,C,12,JULY ,Summer ,2022,26.24152911
Corte Madera,D,12,JULY ,Summer ,2022,11.46655553
Corte Madera,A,24,JULY ,Summer ,2022,15.04223593
Corte Madera,B,24,JULY ,Summer ,2022,15.04608298
Corte Madera,C,24,JULY ,Summer ,2022,13.11116843
Corte Madera,D,24,JULY ,Summer ,2022,12.05089844
Corte Madera,A,48,JULY ,Summer ,2022,7.739400313
Corte Madera,B,48,JULY ,Summer ,2022,10.00978173
Corte Madera,C,48,JULY ,Summer ,2022,16.39610659
Corte Madera,D,48,JULY ,Summer ,2022,8.895814257
San Pablo,A,0.5,JULY ,Summer ,2022,8.204280567
San Pablo,B,0.5,JULY ,Summer ,2022,13.87702106
San Pablo,C,0.5,JULY ,Summer ,2022,5.863233831
San Pablo,D,0.5,JULY ,Summer ,2022,3.271462746
San Pablo,A,2,JULY ,Summer ,2022,20.75356511
San Pablo,B,2,JULY ,Summer ,2022,6.961888329
San Pablo,C,2,JULY ,Summer ,2022,7.855961561
San Pablo,D,2,JULY ,Summer ,2022,1.032502472
San Pablo,A,6,JULY ,Summer ,2022,3.863972569
San Pablo,B,6,JULY ,Summer ,2022,14.07241455
San Pablo,C,6,JULY ,Summer ,2022,1.615416167
San Pablo,D,6,JULY ,Summer ,2022,2.975412007
San Pablo,A,12,JULY ,Summer ,2022,1.511492149
San Pablo,B,12,JULY ,Summer ,2022,2.34900948
San Pablo,C,12,JULY ,Summer ,2022,13.94888993
San Pablo,D,12,JULY ,Summer ,2022,58.18867054
San Pablo,A,24,JULY ,Summer ,2022,0.606597754
San Pablo,B,24,JULY ,Summer ,2022,0.647228166
San Pablo,C,24,JULY ,Summer ,2022,3.099344972
San Pablo,D,24,JULY ,Summer ,2022,30.60157382
San Pablo,A,48,JULY ,Summer ,2022,8.411311911
San Pablo,B,48,JULY ,Summer ,2022,16.84426615
San Pablo,C,48,JULY ,Summer ,2022,2.96928682
San Pablo,D,48,JULY ,Summer ,2022,7.967619148
San Pablo,A,72,JULY ,Summer ,2022,6.475548427
San Pablo,B,72,JULY ,Summer ,2022,14.7084132
San Pablo,C,72,JULY ,Summer ,2022,10.53756873
San Pablo,D,72,JULY ,Summer ,2022,10.85281172
San Pablo,A,150,JULY ,Summer ,2022,12.07274494
San Pablo,B,150,JULY ,Summer ,2022,5.693361959
San Pablo,C,150,JULY ,Summer ,2022,10.01406936
San Pablo,D,150,JULY ,Summer ,2022,7.157281817
Corte Madera,A,0.5,JULY ,Summer ,2023,0
Corte Madera,B,0.5,JULY ,Summer ,2023,0
Corte Madera,C,0.5,JULY ,Summer ,2023,3.410316099
Corte Madera,D,0.5,JULY ,Summer ,2023,16.10164992
Corte Madera,A,2,JULY ,Summer ,2023,0.999142367
Corte Madera,B,2,JULY ,Summer ,2023,2.678469329
Corte Madera,C,2,JULY ,Summer ,2023,19.65490484
Corte Madera,D,2,JULY ,Summer ,2023,9.225475781
Corte Madera,A,6,JULY ,Summer ,2023,5.7281712
Corte Madera,B,6,JULY ,Summer ,2023,5.309156253
Corte Madera,C,6,JULY ,Summer ,2023,29.2238422
Corte Madera,D,6,JULY ,Summer ,2023,9.557706446
Corte Madera,A,12,JULY ,Summer ,2023,6.936616842
Corte Madera,B,12,JULY ,Summer ,2023,10.56665033
Corte Madera,C,12,JULY ,Summer ,2023,24.37433635
Corte Madera,D,12,JULY ,Summer ,2023,9.30225435
Corte Madera,A,18,JULY ,Summer ,2023,11.7597811
Corte Madera,B,18,JULY ,Summer ,2023,11.5173977
Corte Madera,A,24,JULY ,Summer ,2023,9.684921993
Corte Madera,B,24,JULY ,Summer ,2023,12.86857797
Corte Madera,C,24,JULY ,Summer ,2023,7.131217838
Corte Madera,D,24,JULY ,Summer ,2023,8.18079719
Corte Madera,A,30,JULY ,Summer ,2023,2.50490076
Corte Madera,B,30,JULY ,Summer ,2023,6.523523646
Corte Madera,A,48,JULY ,Summer ,2023,7.008290453
Corte Madera,B,48,JULY ,Summer ,2023,7.330515397
Corte Madera,C,48,JULY ,Summer ,2023,19.0662011
Corte Madera,D,48,JULY ,Summer ,2023,4.43573814
San Pablo,A,0.5,JULY ,Summer ,2023,12.99417734
San Pablo,B,0.5,JULY ,Summer ,2023,9.281701081
San Pablo,C,0.5,JULY ,Summer ,2023,14.02696143
San Pablo,D,0.5,JULY ,Summer ,2023,14.62545563
San Pablo,A,2,JULY ,Summer ,2023,5.206001192
San Pablo,B,2,JULY ,Summer ,2023,11.91410258
San Pablo,C,2,JULY ,Summer ,2023,8.07080076
San Pablo,D,2,JULY ,Summer ,2023,6.455300107
San Pablo,A,6,JULY ,Summer ,2023,39.50317299
San Pablo,B,6,JULY ,Summer ,2023,1.92085886
San Pablo,C,6,JULY ,Summer ,2023,1.282543898
San Pablo,D,6,JULY ,Summer ,2023,2.104586329
San Pablo,A,9,JULY ,Summer ,2023,4.127355639
San Pablo,B,9,JULY ,Summer ,2023,0.891623155
San Pablo,A,12,JULY ,Summer ,2023,0.617418919
San Pablo,B,12,JULY ,Summer ,2023,0.318101414
San Pablo,C,12,JULY ,Summer ,2023,28.56743807
San Pablo,D,12,JULY ,Summer ,2023,110.4271085
San Pablo,A,18,JULY ,Summer ,2023,9.137554997
San Pablo,B,18,JULY ,Summer ,2023,0
San Pablo,A,24,JULY ,Summer ,2023,13.03950373
San Pablo,B,24,JULY ,Summer ,2023,1.560697824
San Pablo,C,24,JULY ,Summer ,2023,127.4983038
San Pablo,D,24,JULY ,Summer ,2023,366.4197953
San Pablo,A,48,JULY ,Summer ,2023,24.95728142
San Pablo,B,48,JULY ,Summer ,2023,12.22954975
San Pablo,C,48,JULY ,Summer ,2023,13.72336099
San Pablo,D,48,JULY ,Summer ,2023,14.62067189
San Pablo,A,72,JULY ,Summer ,2023,13.48357984
San Pablo,B,72,JULY ,Summer ,2023,18.0262232
San Pablo,C,72,JULY ,Summer ,2023,12.91316293
San Pablo,D,72,JULY ,Summer ,2023,17.6189123
San Pablo,A,150,JULY ,Summer ,2023,2.736121342
San Pablo,B,150,JULY ,Summer ,2023,22.09638226
San Pablo,C,150,JULY ,Summer ,2023,2.701109206
San Pablo,D,150,JULY ,Summer ,2023,4.199316034
San Pablo,A,0.5,JUNE,Summer ,2022,11.40060768
San Pablo,B,0.5,JUNE,Summer ,2022,2.458241993
San Pablo,C,0.5,JUNE,Summer ,2022,1.016372811
San Pablo,D,0.5,JUNE,Summer ,2022,55.45581598
San Pablo,A,2,JUNE,Summer ,2022,4.973244059
San Pablo,B,2,JUNE,Summer ,2022,5.728479703
San Pablo,C,2,JUNE,Summer ,2022,4.397068072
San Pablo,D,2,JUNE,Summer ,2022,15.26519277
San Pablo,A,6,JUNE,Summer ,2022,1.837760481
San Pablo,B,6,JUNE,Summer ,2022,3.601202017
San Pablo,C,6,JUNE,Summer ,2022,0.983296797
San Pablo,D,6,JUNE,Summer ,2022,25.5395826
San Pablo,A,12,JUNE,Summer ,2022,4.146752067
San Pablo,B,12,JUNE,Summer ,2022,248.3997954
San Pablo,C,12,JUNE,Summer ,2022,0
San Pablo,D,12,JUNE,Summer ,2022,18.41496845
San Pablo,A,24,JUNE,Summer ,2022,1.699739585
San Pablo,B,24,JUNE,Summer ,2022,1.328144865
San Pablo,C,24,JUNE,Summer ,2022,2.054387952
San Pablo,D,24,JUNE,Summer ,2022,2.022673091
San Pablo,A,48,JUNE,Summer ,2022,1.143572542
San Pablo,B,48,JUNE,Summer ,2022,1.994565285
San Pablo,C,48,JUNE,Summer ,2022,1.448606889
San Pablo,D,48,JUNE,Summer ,2022,4.63452118
San Pablo,A,72,JUNE,Summer ,2022,3.723705771
San Pablo,B,72,JUNE,Summer ,2022,5.231114461
San Pablo,C,72,JUNE,Summer ,2022,3.357623719
San Pablo,D,72,JUNE,Summer ,2022,6.990472539
San Pablo,A,150,JUNE,Summer ,2022,8.826599637
San Pablo,B,150,JUNE,Summer ,2022,7.898225356
San Pablo,C,150,JUNE,Summer ,2022,10.52491001
San Pablo,D,150,JUNE,Summer ,2022,4.095300491
Corte Madera,A,0.5,JUNE,Summer ,2022,2.443949889
Corte Madera,B,0.5,JUNE,Summer ,2022,0.321022657
Corte Madera,C,0.5,JUNE,Summer ,2022,2.381215072
Corte Madera,D,0.5,JUNE,Summer ,2022,8.266993066
Corte Madera,A,2,JUNE,Summer ,2022,8.31059667
Corte Madera,B,2,JUNE,Summer ,2022,2.470994948
Corte Madera,C,2,JUNE,Summer ,2022,3.146241922
Corte Madera,D,2,JUNE,Summer ,2022,8.658376853
Corte Madera,A,6,JUNE,Summer ,2022,5.131305314
Corte Madera,B,6,JUNE,Summer ,2022,3.326690341
Corte Madera,C,6,JUNE,Summer ,2022,9.798447043
Corte Madera,D,6,JUNE,Summer ,2022,11.85101315
Corte Madera,A,12,JUNE,Summer ,2022,8.61242224
Corte Madera,B,12,JUNE,Summer ,2022,24.69329705
Corte Madera,C,12,JUNE,Summer ,2022,16.51023925
Corte Madera,D,12,JUNE,Summer ,2022,7.072392998
Corte Madera,A,24,JUNE,Summer ,2022,12.47217
Corte Madera,B,24,JUNE,Summer ,2022,110.6844301
Corte Madera,C,24,JUNE,Summer ,2022,6.774897344
Corte Madera,D,24,JUNE,Summer ,2022,6.976745836
Corte Madera,A,48,JUNE,Summer ,2022,4.536753761
Corte Madera,B,48,JUNE,Summer ,2022,4.235582994
Corte Madera,C,48,JUNE,Summer ,2022,10.94577323
Corte Madera,D,48,JUNE,Summer ,2022,5.969042522
Corte Madera,A,0.5,JUNE ,Summer ,2023,2.076337994
Corte Madera,B,0.5,JUNE ,Summer ,2023,0
Corte Madera,C,0.5,JUNE ,Summer ,2023,4.145052584
Corte Madera,D,0.5,JUNE ,Summer ,2023,5.149955817
Corte Madera,A,2,JUNE ,Summer ,2023,1.098116673
Corte Madera,B,2,JUNE ,Summer ,2023,0.062719823
Corte Madera,C,2,JUNE ,Summer ,2023,10.73219329
Corte Madera,D,2,JUNE ,Summer ,2023,7.482544138
Corte Madera,A,6,JUNE ,Summer ,2023,11.02430826
Corte Madera,B,6,JUNE ,Summer ,2023,5.563871996
Corte Madera,C,6,JUNE ,Summer ,2023,14.4879325
Corte Madera,D,6,JUNE ,Summer ,2023,5.222204896
Corte Madera,A,12,JUNE ,Summer ,2023,13.56965885
Corte Madera,B,12,JUNE ,Summer ,2023,5.962541365
Corte Madera,C,12,JUNE ,Summer ,2023,13.879273
Corte Madera,D,12,JUNE ,Summer ,2023,6.623698391
Corte Madera,A,18,JUNE ,Summer ,2023,8.031429217
Corte Madera,B,18,JUNE ,Summer ,2023,8.507372176
Corte Madera,A,24,JUNE ,Summer ,2023,4.709877507
Corte Madera,B,24,JUNE ,Summer ,2023,8.129320651
Corte Madera,C,24,JUNE ,Summer ,2023,9.097319682
Corte Madera,D,24,JUNE ,Summer ,2023,4.485680129
Corte Madera,A,30,JUNE ,Summer ,2023,3.675346951
Corte Madera,B,30,JUNE ,Summer ,2023,4.958504427
Corte Madera,A,48,JUNE ,Summer ,2023,4.766359997
Corte Madera,B,48,JUNE ,Summer ,2023,8.383491866
Corte Madera,C,48,JUNE ,Summer ,2023,9.140807737
Corte Madera,D,48,JUNE ,Summer ,2023,25.99258417
San Pablo,A,0.5,JUNE ,Summer ,2023,23.37270155
San Pablo,B,0.5,JUNE ,Summer ,2023,8.57508953
San Pablo,C,0.5,JUNE ,Summer ,2023,32.66482164
San Pablo,D,0.5,JUNE ,Summer ,2023,31.56320354
San Pablo,A,2,JUNE ,Summer ,2023,22.71283942
San Pablo,B,2,JUNE ,Summer ,2023,2.843695724
San Pablo,C,2,JUNE ,Summer ,2023,8.94893634
San Pablo,D,2,JUNE ,Summer ,2023,9.584198734
San Pablo,A,6,JUNE ,Summer ,2023,2.512465372
San Pablo,B,6,JUNE ,Summer ,2023,2.794149761
San Pablo,C,6,JUNE ,Summer ,2023,3.898712901
San Pablo,D,6,JUNE ,Summer ,2023,26.80921645
San Pablo,A,9,JUNE ,Summer ,2023,1.786772933
San Pablo,B,9,JUNE ,Summer ,2023,2.968600056
San Pablo,A,12,JUNE ,Summer ,2023,2.411121358
San Pablo,B,12,JUNE ,Summer ,2023,1.906999849
San Pablo,C,12,JUNE ,Summer ,2023,3.219361529
San Pablo,D,12,JUNE ,Summer ,2023,104.0851536
San Pablo,A,18,JUNE ,Summer ,2023,2.0393534
San Pablo,B,18,JUNE ,Summer ,2023,15.80342971
San Pablo,A,24,JUNE ,Summer ,2023,8.46456392
San Pablo,B,24,JUNE ,Summer ,2023,2.670676919
San Pablo,C,24,JUNE ,Summer ,2023,2.979662517
San Pablo,D,24,JUNE ,Summer ,2023,147.9367953
San Pablo,A,48,JUNE ,Summer ,2023,13.42071932
San Pablo,B,48,JUNE ,Summer ,2023,16.75424446
San Pablo,C,48,JUNE ,Summer ,2023,11.73269184
San Pablo,D,48,JUNE ,Summer ,2023,5.846250356
San Pablo,A,72,JUNE ,Summer ,2023,7.225741617
San Pablo,B,72,JUNE ,Summer ,2023,7.922503374
San Pablo,C,72,JUNE ,Summer ,2023,8.564002322
San Pablo,D,72,JUNE ,Summer ,2023,7.688979044
San Pablo,A,150,JUNE ,Summer ,2023,3.186879472
San Pablo,B,150,JUNE ,Summer ,2023,22.3131802
San Pablo,C,150,JUNE ,Summer ,2023,53.91744106
San Pablo,D,150,JUNE ,Summer ,2023,3.299830408
San Pablo,A,0.5,MARCH ,Spring ,2023,312.0779499
San Pablo,B,0.5,MARCH ,Spring ,2023,33.71364557
San Pablo,C,0.5,MARCH ,Spring ,2023,8.765030157
San Pablo,D,0.5,MARCH ,Spring ,2023,24.54208444
San Pablo,A,2,MARCH ,Spring ,2023,45.21466096
San Pablo,B,2,MARCH ,Spring ,2023,17.98042041
San Pablo,C,2,MARCH ,Spring ,2023,27.83800256
San Pablo,D,2,MARCH ,Spring ,2023,54.37891724
San Pablo,A,6,MARCH ,Spring ,2023,7.262294758
San Pablo,B,6,MARCH ,Spring ,2023,9.482970213
San Pablo,C,6,MARCH ,Spring ,2023,5.717000647
San Pablo,D,6,MARCH ,Spring ,2023,12.67947881
San Pablo,A,9,MARCH ,Spring ,2023,1.206094828
San Pablo,B,9,MARCH ,Spring ,2023,2.392339511
San Pablo,A,12,MARCH ,Spring ,2023,0.659501227
San Pablo,B,12,MARCH ,Spring ,2023,14.01340857
San Pablo,C,12,MARCH ,Spring ,2023,44.34173097
San Pablo,D,12,MARCH ,Spring ,2023,21.73906924
San Pablo,A,18,MARCH ,Spring ,2023,1.689485566
San Pablo,B,18,MARCH ,Spring ,2023,2.378841412
San Pablo,A,24,MARCH ,Spring ,2023,1.352827102
San Pablo,B,24,MARCH ,Spring ,2023,2.446967111
San Pablo,C,24,MARCH ,Spring ,2023,5.94702413
San Pablo,D,24,MARCH ,Spring ,2023,4.772564763
San Pablo,A,48,MARCH ,Spring ,2023,19.83553559
San Pablo,B,48,MARCH ,Spring ,2023,21.73766445
San Pablo,C,48,MARCH ,Spring ,2023,8.794227115
San Pablo,D,48,MARCH ,Spring ,2023,22.66696031
San Pablo,A,72,MARCH ,Spring ,2023,13.43380852
San Pablo,B,72,MARCH ,Spring ,2023,13.22956604
San Pablo,C,72,MARCH ,Spring ,2023,12.08218585
San Pablo,D,72,MARCH ,Spring ,2023,19.10343954
San Pablo,A,150,MARCH ,Spring ,2023,32.12753956
San Pablo,B,150,MARCH ,Spring ,2023,6.329919108
San Pablo,C,150,MARCH ,Spring ,2023,27.04764918
San Pablo,D,150,MARCH ,Spring ,2023,1.182751057
Corte Madera,A,0.5,MARCH ,Spring ,2023,0
Corte Madera,B,0.5,MARCH ,Spring ,2023,0
Corte Madera,C,0.5,MARCH ,Spring ,2023,13.22342926
Corte Madera,D,0.5,MARCH ,Spring ,2023,11.60242828
Corte Madera,A,2,MARCH ,Spring ,2023,1.726196482
Corte Madera,B,2,MARCH ,Spring ,2023,14.89254364
Corte Madera,C,2,MARCH ,Spring ,2023,14.51854841
Corte Madera,D,2,MARCH ,Spring ,2023,11.02041503
Corte Madera,A,6,MARCH ,Spring ,2023,3.558840346
Corte Madera,B,6,MARCH ,Spring ,2023,6.358468678
Corte Madera,C,6,MARCH ,Spring ,2023,7.108119406
Corte Madera,D,6,MARCH ,Spring ,2023,12.0653819
Corte Madera,A,12,MARCH ,Spring ,2023,2.800591935
Corte Madera,B,12,MARCH ,Spring ,2023,47.72088252
Corte Madera,C,12,MARCH ,Spring ,2023,11.28258164
Corte Madera,D,12,MARCH ,Spring ,2023,8.357717016
Corte Madera,A,18,MARCH ,Spring ,2023,2.929068711
Corte Madera,B,18,MARCH ,Spring ,2023,7.556586958
Corte Madera,A,24,MARCH ,Spring ,2023,10.35314297
Corte Madera,B,24,MARCH ,Spring ,2023,8.570443615
Corte Madera,C,24,MARCH ,Spring ,2023,4.14354421
Corte Madera,D,24,MARCH ,Spring ,2023,9.812401804
Corte Madera,A,30,MARCH ,Spring ,2023,6.003991076
Corte Madera,B,30,MARCH ,Spring ,2023,5.629597465
Corte Madera,A,48,MARCH ,Spring ,2023,1.594524602
Corte Madera,B,48,MARCH ,Spring ,2023,9.23569771
Corte Madera,C,48,MARCH ,Spring ,2023,5.970975011
Corte Madera,D,48,MARCH ,Spring ,2023,2.685147816
Corte Madera,A,0.5,MAY ,Spring ,2022,1.70914515
Corte Madera,B,0.5,MAY ,Spring ,2022,0
Corte Madera,C,0.5,MAY ,Spring ,2022,1.228358751
Corte Madera,D,0.5,MAY ,Spring ,2022,1.039893532
Corte Madera,A,2,MAY ,Spring ,2022,0.852952803
Corte Madera,B,2,MAY ,Spring ,2022,1.664363223
Corte Madera,C,2,MAY ,Spring ,2022,2.515791535
Corte Madera,D,2,MAY ,Spring ,2022,2.185548637
Corte Madera,A,6,MAY ,Spring ,2022,1.585470805
Corte Madera,B,6,MAY ,Spring ,2022,1.574227683
Corte Madera,C,6,MAY ,Spring ,2022,3.885546841
Corte Madera,D,6,MAY ,Spring ,2022,2.98647818
Corte Madera,A,12,MAY ,Spring ,2022,1.242841417
Corte Madera,B,12,MAY ,Spring ,2022,1.92085886
Corte Madera,C,12,MAY ,Spring ,2022,3.064036668
Corte Madera,D,12,MAY ,Spring ,2022,1.773936025
Corte Madera,A,24,MAY ,Spring ,2022,2.510646377
Corte Madera,B,24,MAY ,Spring ,2022,2.12171057
Corte Madera,C,24,MAY ,Spring ,2022,2.070830678
Corte Madera,D,24,MAY ,Spring ,2022,3.3881816
Corte Madera,A,48,MAY ,Spring ,2022,1.894370826
Corte Madera,B,48,MAY ,Spring ,2022,1.263612609
Corte Madera,C,48,MAY ,Spring ,2022,2.441853713
Corte Madera,D,48,MAY ,Spring ,2022,1.86750167
San Pablo,A,0.5,MAY ,Spring ,2022,15.4285311
San Pablo,B,0.5,MAY ,Spring ,2022,150.641641
San Pablo,C,0.5,MAY ,Spring ,2022,109.2549728
San Pablo,D,0.5,MAY ,Spring ,2022,55.45581598
San Pablo,A,2,MAY ,Spring ,2022,80.97457296
San Pablo,B,2,MAY ,Spring ,2022,57.78910414
San Pablo,C,2,MAY ,Spring ,2022,33.48823867
San Pablo,D,2,MAY ,Spring ,2022,12.24547523
San Pablo,A,6,MAY ,Spring ,2022,6.025551307
San Pablo,B,6,MAY ,Spring ,2022,147.4008043
San Pablo,C,6,MAY ,Spring ,2022,0
San Pablo,D,6,MAY ,Spring ,2022,3.403494569
San Pablo,A,12,MAY ,Spring ,2022,0
San Pablo,B,12,MAY ,Spring ,2022,52.94428483
San Pablo,C,12,MAY ,Spring ,2022,0
San Pablo,D,12,MAY ,Spring ,2022,4.175404333
San Pablo,A,24,MAY ,Spring ,2022,0
San Pablo,B,24,MAY ,Spring ,2022,0.548224375
San Pablo,C,24,MAY ,Spring ,2022,1.307393132
San Pablo,D,24,MAY ,Spring ,2022,1.735265673
San Pablo,A,48,MAY ,Spring ,2022,1.091100101
San Pablo,B,48,MAY ,Spring ,2022,3.963258944
San Pablo,C,48,MAY ,Spring ,2022,1.404913884
San Pablo,D,48,MAY ,Spring ,2022,3.339452329
San Pablo,A,72,MAY ,Spring ,2022,1.671359548
San Pablo,B,72,MAY ,Spring ,2022,4.860336433
San Pablo,C,72,MAY ,Spring ,2022,3.082398619
San Pablo,D,72,MAY ,Spring ,2022,18.19201162
San Pablo,A,150,MAY ,Spring ,2022,6.522712373
San Pablo,B,150,MAY ,Spring ,2022,0.489810842
San Pablo,C,150,MAY ,Spring ,2022,9.741090158
San Pablo,D,150,MAY ,Spring ,2022,3.061981327
Corte Madera,A,0.5,MAY ,Spring ,2023,0.278730703
Corte Madera,B,0.5,MAY ,Spring ,2023,0
Corte Madera,C,0.5,MAY ,Spring ,2023,2.263742547
Corte Madera,D,0.5,MAY ,Spring ,2023,3.321694029
Corte Madera,A,2,MAY ,Spring ,2023,1.351690762
Corte Madera,B,2,MAY ,Spring ,2023,1.310544801
Corte Madera,C,2,MAY ,Spring ,2023,4.349832557
Corte Madera,D,2,MAY ,Spring ,2023,2.524707996
Corte Madera,A,6,MAY ,Spring ,2023,2.273952463
Corte Madera,B,6,MAY ,Spring ,2023,1.698930001
Corte Madera,C,6,MAY ,Spring ,2023,4.544229356
Corte Madera,D,6,MAY ,Spring ,2023,1.900065343
Corte Madera,A,12,MAY ,Spring ,2023,1.615412889
Corte Madera,B,12,MAY ,Spring ,2023,3.139957527
Corte Madera,C,12,MAY ,Spring ,2023,1.993383974
Corte Madera,D,12,MAY ,Spring ,2023,1.367311933
Corte Madera,A,18,MAY ,Spring ,2023,2.373397043
Corte Madera,B,18,MAY ,Spring ,2023,3.767254758
Corte Madera,A,24,MAY ,Spring ,2023,1.655639957
Corte Madera,B,24,MAY ,Spring ,2023,2.619251817
Corte Madera,C,24,MAY ,Spring ,2023,1.725475782
Corte Madera,D,24,MAY ,Spring ,2023,0.852936372
Corte Madera,A,30,MAY ,Spring ,2023,1.966225598
Corte Madera,B,30,MAY ,Spring ,2023,0.800865801
Corte Madera,A,48,MAY ,Spring ,2023,0.578493833
Corte Madera,B,48,MAY ,Spring ,2023,1.308094421
Corte Madera,C,48,MAY ,Spring ,2023,2.059952626
Corte Madera,D,48,MAY ,Spring ,2023,76.12120319
San Pablo,A,0.5,MAY ,Spring ,2023,41.44792007
San Pablo,B,0.5,MAY ,Spring ,2023,46.72415674
San Pablo,C,0.5,MAY ,Spring ,2023,7.932730579
San Pablo,D,0.5,MAY ,Spring ,2023,19.0811847
San Pablo,A,2,MAY ,Spring ,2023,11.93329483
San Pablo,B,2,MAY ,Spring ,2023,1.74833274
San Pablo,C,2,MAY ,Spring ,2023,7.225271401
San Pablo,D,2,MAY ,Spring ,2023,6.412458993
San Pablo,A,6,MAY ,Spring ,2023,3.031763734
San Pablo,B,6,MAY ,Spring ,2023,1.267505506
San Pablo,C,6,MAY ,Spring ,2023,3.572209462
San Pablo,D,6,MAY ,Spring ,2023,49.2657013
San Pablo,A,9,MAY ,Spring ,2023,1.160314722
San Pablo,B,9,MAY ,Spring ,2023,1.56743553
San Pablo,A,12,MAY ,Spring ,2023,0
San Pablo,B,12,MAY ,Spring ,2023,0
San Pablo,C,12,MAY ,Spring ,2023,2.988887421
San Pablo,D,12,MAY ,Spring ,2023,230.8344358
San Pablo,A,18,MAY ,Spring ,2023,0
San Pablo,B,18,MAY ,Spring ,2023,0
San Pablo,A,24,MAY ,Spring ,2023,1.429414634
San Pablo,B,24,MAY ,Spring ,2023,2.703964107
San Pablo,C,24,MAY ,Spring ,2023,1.347949638
San Pablo,D,24,MAY ,Spring ,2023,10.03673255
San Pablo,A,48,MAY ,Spring ,2023,2.306949858
San Pablo,B,48,MAY ,Spring ,2023,2.351663728
San Pablo,C,48,MAY ,Spring ,2023,3.083419484
San Pablo,D,48,MAY ,Spring ,2023,1.608270115
San Pablo,A,72,MAY ,Spring ,2023,1.549468313
San Pablo,B,72,MAY ,Spring ,2023,1.562739553
San Pablo,C,72,MAY ,Spring ,2023,2.033766486
San Pablo,D,72,MAY ,Spring ,2023,1.084158221
San Pablo,A,150,MAY ,Spring ,2023,27.37101372
San Pablo,B,150,MAY ,Spring ,2023,4.015060532
San Pablo,C,150,MAY ,Spring ,2023,5.370156222
San Pablo,D,150,MAY ,Spring ,2023,0.156804805
Corte Madera,A,0.5,NOVEMBER,Fall ,2022,1.534601499
Corte Madera,B,0.5,NOVEMBER,Fall ,2022,1.953413098
Corte Madera,C,0.5,NOVEMBER,Fall ,2022,1.892842992
Corte Madera,D,0.5,NOVEMBER,Fall ,2022,2.9236882
Corte Madera,A,2,NOVEMBER,Fall ,2022,3.005417865
Corte Madera,B,2,NOVEMBER,Fall ,2022,2.164982953
Corte Madera,C,2,NOVEMBER,Fall ,2022,4.637964393
Corte Madera,D,2,NOVEMBER,Fall ,2022,3.047076704
Corte Madera,A,6,NOVEMBER,Fall ,2022,1.754435242
Corte Madera,B,6,NOVEMBER,Fall ,2022,1.955293638
Corte Madera,C,6,NOVEMBER,Fall ,2022,4.820442716
Corte Madera,D,6,NOVEMBER,Fall ,2022,2.409807639
Corte Madera,A,12,NOVEMBER,Fall ,2022,3.487749929
Corte Madera,B,12,NOVEMBER,Fall ,2022,3.658778781
Corte Madera,C,12,NOVEMBER,Fall ,2022,3.153364829
Corte Madera,D,12,NOVEMBER,Fall ,2022,2.393451119
Corte Madera,A,24,NOVEMBER,Fall ,2022,2.493195894
Corte Madera,B,24,NOVEMBER,Fall ,2022,3.979874731
Corte Madera,C,24,NOVEMBER,Fall ,2022,3.205267735
Corte Madera,D,24,NOVEMBER,Fall ,2022,2.335051992
Corte Madera,A,48,NOVEMBER,Fall ,2022,1.055551326
Corte Madera,B,48,NOVEMBER,Fall ,2022,2.403208569
Corte Madera,C,48,NOVEMBER,Fall ,2022,3.371031075
Corte Madera,D,48,NOVEMBER,Fall ,2022,19.26041071
San Pablo,A,0.5,NOVEMBER,Fall ,2022,30.48156551
San Pablo,B,0.5,NOVEMBER,Fall ,2022,14.54724515
San Pablo,C,0.5,NOVEMBER,Fall ,2022,57.44621462
San Pablo,D,0.5,NOVEMBER,Fall ,2022,60.89939883
San Pablo,A,2,NOVEMBER,Fall ,2022,8.664191418
San Pablo,B,2,NOVEMBER,Fall ,2022,6.116173835
San Pablo,C,2,NOVEMBER,Fall ,2022,0
San Pablo,D,2,NOVEMBER,Fall ,2022,0.503505552
San Pablo,A,6,NOVEMBER,Fall ,2022,0.438926413
San Pablo,B,6,NOVEMBER,Fall ,2022,2.99964809
San Pablo,C,6,NOVEMBER,Fall ,2022,0.977791691
San Pablo,D,6,NOVEMBER,Fall ,2022,0
San Pablo,A,12,NOVEMBER,Fall ,2022,0.453747854
San Pablo,B,12,NOVEMBER,Fall ,2022,5.483510004
San Pablo,C,12,NOVEMBER,Fall ,2022,6.571481527
San Pablo,D,12,NOVEMBER,Fall ,2022,34.10219858
San Pablo,A,24,NOVEMBER,Fall ,2022,2.727992234
San Pablo,B,24,NOVEMBER,Fall ,2022,3.654332349
San Pablo,C,24,NOVEMBER,Fall ,2022,8.32095909
San Pablo,D,24,NOVEMBER,Fall ,2022,12.16353383
San Pablo,A,48,NOVEMBER,Fall ,2022,4.750060369
San Pablo,B,48,NOVEMBER,Fall ,2022,5.581543255
San Pablo,C,48,NOVEMBER,Fall ,2022,3.728227823
San Pablo,D,48,NOVEMBER,Fall ,2022,6.596845452
San Pablo,A,72,NOVEMBER,Fall ,2022,7.645111425
San Pablo,B,72,NOVEMBER,Fall ,2022,3.180257945
San Pablo,C,72,NOVEMBER,Fall ,2022,47.33735611
San Pablo,D,72,NOVEMBER,Fall ,2022,4.939774824
San Pablo,A,150,NOVEMBER,Fall ,2022,7.385100989
San Pablo,B,150,NOVEMBER,Fall ,2022,102.3511604
San Pablo,C,150,NOVEMBER,Fall ,2022,91.71254119
San Pablo,D,150,NOVEMBER,Fall ,2022,42.18674624
Corte Madera,A,0.5,OCTOBER,Fall ,2022,0.353771625
Corte Madera,B,0.5,OCTOBER,Fall ,2022,0
Corte Madera,C,0.5,OCTOBER,Fall ,2022,1.991814956
Corte Madera,D,0.5,OCTOBER,Fall ,2022,1.512046333
Corte Madera,A,2,OCTOBER,Fall ,2022,0.445577379
Corte Madera,B,2,OCTOBER,Fall ,2022,0.801534855
Corte Madera,C,2,OCTOBER,Fall ,2022,4.436437414
Corte Madera,D,2,OCTOBER,Fall ,2022,2.291276583
Corte Madera,A,6,OCTOBER,Fall ,2022,3.641255569
Corte Madera,B,6,OCTOBER,Fall ,2022,3.149307287
Corte Madera,C,6,OCTOBER,Fall ,2022,5.003581754
Corte Madera,D,6,OCTOBER,Fall ,2022,1.960955677
Corte Madera,A,12,OCTOBER,Fall ,2022,5.822621119
Corte Madera,B,12,OCTOBER,Fall ,2022,17.09670227
Corte Madera,C,12,OCTOBER,Fall ,2022,3.635406986
Corte Madera,D,12,OCTOBER,Fall ,2022,2.597800192
Corte Madera,A,24,OCTOBER,Fall ,2022,2.46429512
Corte Madera,B,24,OCTOBER,Fall ,2022,7.469488238
Corte Madera,C,24,OCTOBER,Fall ,2022,2.748960216
Corte Madera,D,24,OCTOBER,Fall ,2022,2.684347674
Corte Madera,A,48,OCTOBER,Fall ,2022,0.901112907
Corte Madera,B,48,OCTOBER,Fall ,2022,1.869575426
Corte Madera,C,48,OCTOBER,Fall ,2022,2.042425821
Corte Madera,D,48,OCTOBER,Fall ,2022,19.69418387
San Pablo,A,0.5,OCTOBER,Fall ,2022,92.80065295
San Pablo,B,0.5,OCTOBER,Fall ,2022,10.26273997
San Pablo,C,0.5,OCTOBER,Fall ,2022,165.082888
San Pablo,D,0.5,OCTOBER,Fall ,2022,31.5201438
San Pablo,A,2,OCTOBER,Fall ,2022,20.63779906
San Pablo,B,2,OCTOBER,Fall ,2022,9.140725682
San Pablo,C,2,OCTOBER,Fall ,2022,12.02386354
San Pablo,D,2,OCTOBER,Fall ,2022,3.886611743
San Pablo,A,6,OCTOBER,Fall ,2022,3.941089883
San Pablo,B,6,OCTOBER,Fall ,2022,5.324733753
San Pablo,C,6,OCTOBER,Fall ,2022,4.332693549
San Pablo,D,6,OCTOBER,Fall ,2022,38.5737178
San Pablo,A,12,OCTOBER,Fall ,2022,0.999102184
San Pablo,B,12,OCTOBER,Fall ,2022,2.940978844
San Pablo,C,12,OCTOBER,Fall ,2022,32.17234393
San Pablo,D,12,OCTOBER,Fall ,2022,69.96052467
San Pablo,A,24,OCTOBER,Fall ,2022,1.047359055
San Pablo,B,24,OCTOBER,Fall ,2022,1.481670892
San Pablo,C,24,OCTOBER,Fall ,2022,1.977690994
San Pablo,D,24,OCTOBER,Fall ,2022,42.20761149
San Pablo,A,48,OCTOBER,Fall ,2022,0.545790254
San Pablo,B,48,OCTOBER,Fall ,2022,2.151550243
San Pablo,C,48,OCTOBER,Fall ,2022,0.994394196
San Pablo,D,48,OCTOBER,Fall ,2022,1.423493619
San Pablo,A,72,OCTOBER,Fall ,2022,1.53177733
San Pablo,B,72,OCTOBER,Fall ,2022,2.175930892
San Pablo,C,72,OCTOBER,Fall ,2022,2.96653649
San Pablo,D,72,OCTOBER,Fall ,2022,2.419737382
San Pablo,A,150,OCTOBER,Fall ,2022,5.569885381
San Pablo,B,150,OCTOBER,Fall ,2022,111.4138493
San Pablo,C,150,OCTOBER,Fall ,2022,17.71010347
San Pablo,D,150,OCTOBER,Fall ,2022,0.569134024
Corte Madera,A,0.5,SEPTEMBER,Fall ,2022,10.56390704
Corte Madera,B,0.5,SEPTEMBER,Fall ,2022,4.485679118
Corte Madera,C,0.5,SEPTEMBER,Fall ,2022,1.451669483
Corte Madera,D,0.5,SEPTEMBER,Fall ,2022,0.645186437
Corte Madera,A,2,SEPTEMBER,Fall ,2022,7.678943635
Corte Madera,B,2,SEPTEMBER,Fall ,2022,0.45122216
Corte Madera,C,2,SEPTEMBER,Fall ,2022,2.778793483
Corte Madera,D,2,SEPTEMBER,Fall ,2022,3.650611864
Corte Madera,A,6,SEPTEMBER,Fall ,2022,2.254069071
Corte Madera,B,6,SEPTEMBER,Fall ,2022,2.274486363
Corte Madera,C,6,SEPTEMBER,Fall ,2022,12.64442912
Corte Madera,D,6,SEPTEMBER,Fall ,2022,2.370447637
Corte Madera,A,12,SEPTEMBER,Fall ,2022,3.913994935
Corte Madera,B,12,SEPTEMBER,Fall ,2022,4.365217095
Corte Madera,C,12,SEPTEMBER,Fall ,2022,6.031268147
Corte Madera,D,12,SEPTEMBER,Fall ,2022,2.958465655
Corte Madera,A,24,SEPTEMBER,Fall ,2022,5.353414042
Corte Madera,B,24,SEPTEMBER,Fall ,2022,10.59044952
Corte Madera,C,24,SEPTEMBER,Fall ,2022,35.92014237
Corte Madera,D,24,SEPTEMBER,Fall ,2022,1.715052554
Corte Madera,A,48,SEPTEMBER,Fall ,2022,2.972757759
Corte Madera,B,48,SEPTEMBER,Fall ,2022,1.876349163
Corte Madera,C,48,SEPTEMBER,Fall ,2022,2.588912664
Corte Madera,D,48,SEPTEMBER,Fall ,2022,2.07031344
San Pablo,A,0.5,SEPTEMBER,Fall ,2022,5.986350104
San Pablo,B,0.5,SEPTEMBER,Fall ,2022,10.81095627
San Pablo,C,0.5,SEPTEMBER,Fall ,2022,35.930351
San Pablo,D,0.5,SEPTEMBER,Fall ,2022,57.41750942
San Pablo,A,2,SEPTEMBER,Fall ,2022,55.91479671
San Pablo,B,2,SEPTEMBER,Fall ,2022,6.025142959
San Pablo,C,2,SEPTEMBER,Fall ,2022,18.82270178
San Pablo,D,2,SEPTEMBER,Fall ,2022,3.254516393
San Pablo,A,6,SEPTEMBER,Fall ,2022,7.442103044
San Pablo,B,6,SEPTEMBER,Fall ,2022,11.78486112
San Pablo,C,6,SEPTEMBER,Fall ,2022,1.768137514
San Pablo,D,6,SEPTEMBER,Fall ,2022,2.141773963
San Pablo,A,12,SEPTEMBER,Fall ,2022,2.870671298
San Pablo,B,12,SEPTEMBER,Fall ,2022,1.549672486
San Pablo,C,12,SEPTEMBER,Fall ,2022,59.35102701
San Pablo,D,12,SEPTEMBER,Fall ,2022,184.6642002
San Pablo,A,24,SEPTEMBER,Fall ,2022,1.102533784
San Pablo,B,24,SEPTEMBER,Fall ,2022,4.738853544
San Pablo,C,24,SEPTEMBER,Fall ,2022,1.480253692
San Pablo,D,24,SEPTEMBER,Fall ,2022,222.4647752
San Pablo,D,24,SEPTEMBER,Fall ,2022,83.62106235
San Pablo,A,48,SEPTEMBER,Fall ,2022,5.514710651
San Pablo,B,48,SEPTEMBER,Fall ,2022,6.223190694
San Pablo,C,48,SEPTEMBER,Fall ,2022,4.673518208
San Pablo,D,48,SEPTEMBER,Fall ,2022,2.819628067
San Pablo,A,72,SEPTEMBER,Fall ,2022,3.97933027
San Pablo,B,72,SEPTEMBER,Fall ,2022,4.275381008
San Pablo,C,72,SEPTEMBER,Fall ,2022,1.504754443
San Pablo,D,72,SEPTEMBER,Fall ,2022,2.817586338
San Pablo,A,150,SEPTEMBER,Fall ,2022,4.077333273
San Pablo,B,150,SEPTEMBER,Fall ,2022,2.274486363
San Pablo,C,150,SEPTEMBER,Fall ,2022,2.695082584
San Pablo,D,150,SEPTEMBER,Fall ,2022,0.426817491
