Data Check 1,Data Check 2 ,Study Phase ,Site ,Tran,Dist ,Rep or Extra,Date(s) of Procedure ,Crucible Number # ,Empty Crucible Weight,Subsample Weight (Filter + Sediment on Filter) ,Post-Burn Weight 
,,P1,B ,1,0.5,a ,,,,,
,,P1,B ,1,0.5,b ,,,,,
,,P1,B ,1,0.5,c,,,,,
,,P1,B ,1,2,a ,,,,,
,,P1,B ,1,2,b ,,,,,
,,P1,B ,1,2,c,,,,,
,,P1,B ,1,6,a ,,,,,
,,P1,B ,1,6,b ,,,,,
,,P1,B ,1,6,c,,,,,
,,P1,B ,1,12,a ,,,,,
,,P1,B ,1,12,b ,,,,,
,,P1,B ,1,12,c,,,,,
,,P1,B ,1,24,a ,,,,,
,,P1,B ,1,24,b ,,,,,
,,P1,B ,1,24,c,,,,,
,,P1,B ,1,48,a ,,,,,
,,P1,B ,1,48,b ,,,,,
,,P1,B ,1,48,c,,,,,
,,P1,B ,2,0.5,a ,,,,,
,,P1,B ,2,0.5,b ,,,,,
,,P1,B ,2,0.5,c,,,,,
,,P1,B ,2,2,a ,,,,,
,,P1,B ,2,2,b ,,,,,
,,P1,B ,2,2,c,,,,,
,,P1,B ,2,6,a ,,,,,
,,P1,B ,2,6,b ,,,,,
,,P1,B ,2,6,c,,,,,
,,P1,B ,2,12,a ,,,,,
,,P1,B ,2,12,b ,,,,,
,,P1,B ,2,12,c,,,,,
,,P1,B ,2,24,a ,,,,,
,,P1,B ,2,24,b ,,,,,
,,P1,B ,2,24,c,,,,,
,,P1,B ,2,48,a ,,,,,
,,P1,B ,2,48,b ,,,,,
,,P1,B ,2,48,c,,,,,
,,P1,B ,1,18a,E1 ,,,,,
,,P1,B ,1,18b,E2 ,,,,,
,,P1,B ,1,18c ,E3,,,,,
,,P1,B ,,,E4 ,,,,,
,,M1,B ,1,0.5,a ,,,,,
,,M1,B ,1,0.5,b ,,,,,
,,M1,B ,1,0.5,c,,,,,
,,M1,B ,1,2,a ,,,,,
,,M1,B ,1,2,b ,,,,,
,,M1,B ,1,2,c,,,,,
,,M1,B ,1,6,a ,,,,,
,,M1,B ,1,6,b ,,,,,
,,M1,B ,1,6,c,,,,,
,,M1,B ,1,12,a ,,,,,
,,M1,B ,1,12,b ,,,,,
,,M1,B ,1,12,c,,,,,
,,M1,B ,1,24,a ,,,,,
,,M1,B ,1,24,b ,,,,,
,,M1,B ,1,24,c,,,,,
,,M1,B ,1,48,a ,,,,,
,,M1,B ,1,48,b ,,,,,
,,M1,B ,1,48,c,,,,,
,,M1,B ,2,0.5,a ,,,,,
,,M1,B ,2,0.5,b ,,,,,
,,M1,B ,2,0.5,c,,,,,
,,M1,B ,2,2,a ,,,,,
,,M1,B ,2,2,b ,,,,,
,,M1,B ,2,2,c,,,,,
,,M1,B ,2,6,a ,,,,,
,,M1,B ,2,6,b ,,,,,
,,M1,B ,2,6,c,,,,,
,,M1,B ,2,12,a ,,,,,
,,M1,B ,2,12,b ,,,,,
,,M1,B ,2,12,c,,,,,
,,M1,B ,2,24,a ,,,,,
,,M1,B ,2,24,b ,,,,,
,,M1,B ,2,24,c,,,,,
,,M1,B ,2,48,a ,,,,,
,,M1,B ,2,48,b ,,,,,
,,M1,B ,2,48,c,,,,,
,,M1,B ,,,E1 (B1-18a),,,,,
,,M1,B ,,,E2  (B1-18b),,,,,
,,M1,B ,,,E3 (B1-18c),,,,,
,,M1,B ,,,E4 ,,,,,
,,M1,G,1,0.5,a ,,,,,
,,M1,G,1,0.5,b ,,,,,
,,M1,G,1,0.5,c,,,,,
,,M1,G,1,2,a ,,,,,
,,M1,G,1,2,b ,,,,,
,,M1,G,1,2,c,,,,,
,,M1,G,1,6,a ,,,,,
,,M1,G,1,6,b ,,,,,
,,M1,G,1,6,c,,,,,
,,M1,G,1,12,a ,,,,,
,,M1,G,1,12,b ,,,,,
,,M1,G,1,12,c,,,,,
,,M1,G,1,24,a ,,,,,
,,M1,G,1,24,b ,,,,,
,,M1,G,1,24,c,,,,,
,,M1,G,1,48,a ,,,,,
,,M1,G,1,48,b ,,,,,
,,M1,G,1,48,c,,,,,
,,M1,G,2,0.5,a ,,,,,
,,M1,G,2,0.5,b ,,,,,
,,M1,G,2,0.5,c,,,,,
,,M1,G,2,2,a ,,,,,
,,M1,G,2,2,b ,,,,,
,,M1,G,2,2,c,,,,,
,,M1,G,2,6,a ,,,,,
,,M1,G,2,6,b ,,,,,
,,M1,G,2,6,c,,,,,
,,M1,G,2,12,a ,,,,,
,,M1,G,2,12,b ,,,,,
,,M1,G,2,12,c,,,,,
,,M1,G,2,24,a ,,,,,
,,M1,G,2,24,b ,,,,,
,,M1,G,2,24,c,,,,,
,,M1,G,2,48,a ,,,,,
,,M1,G,2,48,b ,,,,,
,,M1,G,2,48,c,,,,,
,,M1,G,,,E1 ,,,,,
,,M1,G,,,E2 ,,,,,
,,M1,G,,,E3,,,,,
,,M1,G,,,E4 ,,,,,
,,M1,C,1,0.5,a ,,,,,
,,M1,C,1,0.5,b ,,,,,
,,M1,C,1,0.5,c,,,,,
,,M1,C,1,2,a ,,,,,
,,M1,C,1,2,b ,,,,,
,,M1,C,1,2,c,,,,,
,,M1,C,1,6,a ,,,,,
,,M1,C,1,6,b ,,,,,
,,M1,C,1,6,c,,,,,
,,M1,C,1,12,a ,,,,,
,,M1,C,1,12,b ,,,,,
,,M1,C,1,12,c,,,,,
,,M1,C,1,24,a ,,,,,
,,M1,C,1,24,b ,,,,,
,,M1,C,1,24,c,,,,,
,,M1,C,1,48,a ,,,,,
,,M1,C,1,48,b ,,,,,
,,M1,C,1,48,c,,,,,
,,M1,C,2,0.5,a ,,,,,
,,M1,C,2,0.5,b ,,,,,
,,M1,C,2,0.5,c,,,,,
,,M1,C,2,2,a ,,,,,
,,M1,C,2,2,b ,,,,,
,,M1,C,2,2,c,,,,,
,,M1,C,2,6,a ,,,,,
,,M1,C,2,6,b ,,,,,
,,M1,C,2,6,c,,,,,
,,M1,C,2,12,a ,,,,,
,,M1,C,2,12,b ,,,,,
,,M1,C,2,12,c,,,,,
,,M1,C,2,24,a ,,,,,
,,M1,C,2,24,b ,,,,,
,,M1,C,2,24,c,,,,,
,,M1,C,2,48,a ,,,,,
,,M1,C,2,48,b ,,,,,
,,M1,C,2,48,c,,,,,
,,M1,C,2,,E1 ,,,,,
,,M1,C,2,,E2 ,,,,,
,,M1,C,2,,E3,,,,,
,,M1,C,2,,E4 ,,,,,
,,M1,S,1,0.5,a ,,,,,
,,M1,S,1,0.5,b ,,,,,
,,M1,S,1,0.5,c,,,,,
,,M1,S,1,2,a ,,,,,
,,M1,S,1,2,b ,,,,,
,,M1,S,1,2,c,,,,,
,,M1,S,1,6,a ,,,,,
,,M1,S,1,6,b ,,,,,
,,M1,S,1,6,c,,,,,
,,M1,S,1,12,a ,,,,,
,,M1,S,1,12,b ,,,,,
,,M1,S,1,12,c,,,,,
,,M1,S,1,24,a ,,,,,
,,M1,S,1,24,b ,,,,,
,,M1,S,1,24,c,,,,,
,,M1,S,1,48,a ,,,,,
,,M1,S,1,48,b ,,,,,
,,M1,S,1,48,c,,,,,
,,M1,S,2,0.5,a ,,,,,
,,M1,S,2,0.5,b ,,,,,
,,M1,S,2,0.5,c,,,,,
,,M1,S,2,2,a ,,,,,
,,M1,S,2,2,b ,,,,,
,,M1,S,2,2,c,,,,,
,,M1,S,2,6,a ,,,,,
,,M1,S,2,6,b ,,,,,
,,M1,S,2,6,c,,,,,
,,M1,S,2,12,a ,,,,,
,,M1,S,2,12,b ,,,,,
,,M1,S,2,12,c,,,,,
,,M1,S,2,24,a ,,,,,
,,M1,S,2,24,b ,,,,,
,,M1,S,2,24,c,,,,,
,,M1,S,2,48,a ,,,,,
,,M1,S,2,48,b ,,,,,
,,M1,S,2,48,c,,,,,
,,M1,S,2,,E1 ,,,,,
,,M1,S,2,,E2 ,,,,,
,,M1,S,2,,E3,,,,,
,,M1,S,2,,E4 ,,,,,
,,M2,B,1,0.5,a ,,,,,
,,M2,B,1,0.5,b ,,,,,
,,M2,B,1,0.5,c,,,,,
,,M2,B,1,2,a ,,,,,
,,M2,B,1,2,b ,,,,,
,,M2,B,1,2,c,,,,,
,,M2,B,1,6,a ,,,,,
,,M2,B,1,6,b ,,,,,
,,M2,B,1,6,c,,,,,
,,M2,B,1,12,a ,,,,,
,,M2,B,1,12,b ,,,,,
,,M2,B,1,12,c,,,,,
,,M2,B,1,18,a ,,,,,
,,M2,B,1,18,b ,,,,,
,,M2,B,1,18,c ,,,,,
,,M2,B,1,24,a ,,,,,
,,M2,B,1,24,b ,,,,,
,,M2,B,1,24,c,,,,,
,,M2,B,1,48,a ,,,,,
,,M2,B,1,48,b ,,,,,
,,M2,B,1,48,c,,,,,
,,M2,B,2,0.5,a ,,,,,
,,M2,B,2,0.5,b ,,,,,
,,M2,B,2,0.5,c,,,,,
,,M2,B,2,2,a ,,,,,
,,M2,B,2,2,b ,,,,,
,,M2,B,2,2,c,,,,,
,,M2,B,2,6,a ,,,,,
,,M2,B,2,6,b ,,,,,
,,M2,B,2,6,c,,,,,
,,M2,B,2,12,a ,,,,,
,,M2,B,2,12,b ,,,,,
,,M2,B,2,12,c,,,,,
,,M2,B,2,24,a ,,,,,
,,M2,B,2,24,b ,,,,,
,,M2,B,2,24,c,,,,,
,,M2,B,2,48,a ,,,,,
,,M2,B,2,48,b ,,,,,
,,M2,B,2,48,c,,,,,
,,M2,B,,,E1 ,,,,,
,,M2,B,,,E2 ,,,,,
,,M2,B,,,E3,,,,,
,,M2,B,,,E4 ,,,,,
,,M2 ,G,1,0.5,a,,,,,
,,M2 ,G,1,0.5,b ,,,,,
,,M2 ,G,1,0.5,c,,,,,
,,M2 ,G,1,2,a,,,,,
,,M2 ,G,1,2,b ,,,,,
,,M2 ,G,1,2,c,,,,,
,,M2 ,G,1,6,a,,,,,
,,M2 ,G,1,6,b ,,,,,
,,M2 ,G,1,6,c,,,,,
,,M2 ,G,1,12,a,,,,,
,,M2 ,G,1,12,b ,,,,,
,,M2 ,G,1,12,c,,,,,
,,M2 ,G,1,24,a ,,,,,
,,M2 ,G,1,24,b ,,,,,
,,M2 ,G,1,24,c,,,,,
,,M2 ,G,1,48,a,,,,,
,,M2 ,G,1,48,b ,,,,,
,,M2 ,G,1,48,c,,,,,
,,M2 ,G,2,0.5,a,,,,,
,,M2 ,G,2,0.5,b ,,,,,
,,M2 ,G,2,0.5,c,,,,,
,,M2 ,G,2,2,a,,,,,
,,M2 ,G,2,2,b ,,,,,
,,M2 ,G,2,2,c,,,,,
,,M2 ,G,2,6,a,,,,,
,,M2 ,G,2,6,b ,,,,,
,,M2 ,G,2,6,c,,,,,
,,M2 ,G,2,12,a,,,,,
,,M2 ,G,2,12,b ,,,,,
,,M2 ,G,2,12,c,,,,,
,,M2 ,G,2,24,a ,,,,,
,,M2 ,G,2,24,b ,,,,,
,,M2 ,G,2,24,c,,,,,
,,M2 ,G,2,48,a,,,,,
,,M2 ,G,2,48,b ,,,,,
,,M2 ,G,2,48,c,,,,,
,,M2 ,G,,,E-1 ,,,,,
,,M2 ,G,,,E-2 ,,,,,
,,M2 ,G,,,E-3 ,,,,,
,,M2 ,G,,,E-4 ,,,,,
,,M2 ,C,1,0.5,a,,,,,
,,M2 ,C,1,0.5,b ,,,,,
,,M2 ,C,1,0.5,c,,,,,
,,M2 ,C,1,2,a,,,,,
,,M2 ,C,1,2,b ,,,,,
,,M2 ,C,1,2,c,,,,,
,,M2 ,C,1,6,a,,,,,
,,M2 ,C,1,6,b ,,,,,
,,M2 ,C,1,6,c,,,,,
,,M2 ,C,1,12,a,,,,,
,,M2 ,C,1,12,b ,,,,,
,,M2 ,C,1,12,c,,,,,
,,M2 ,C,1,24,a ,,,,,
,,M2 ,C,1,24,b ,,,,,
,,M2 ,C,1,24,c,,,,,
,,M2 ,C,1,48,a,,,,,
,,M2 ,C,1,48,b ,,,,,
,,M2 ,C,1,48,c,,,,,
,,M2 ,C,2,0.5,a,,,,,
,,M2 ,C,2,0.5,b ,,,,,
,,M2 ,C,2,0.5,c,,,,,
,,M2 ,C,2,2,a,,,,,
,,M2 ,C,2,2,b ,,,,,
,,M2 ,C,2,2,c,,,,,
,,M2 ,C,2,6,a,,,,,
,,M2 ,C,2,6,b ,,,,,
,,M2 ,C,2,6,c,,,,,
,,M2 ,C,2,12,a,,,,,
,,M2 ,C,2,12,b ,,,,,
,,M2 ,C,2,12,c,,,,,
,,M2 ,C,2,24,a ,,,,,
,,M2 ,C,2,24,b ,,,,,
,,M2 ,C,2,24,c,,,,,
,,M2 ,C,2,48,a,,,,,
,,M2 ,C,2,48,b ,,,,,
,,M2 ,C,2,48,c,,,,,
,,M2 ,C,,,E-1 ,,,,,
,,M2 ,C,,,E-2 ,,,,,
,,M2 ,C,,,E-3 ,,,,,
,,M2 ,C,,,E-4 ,,,,,
,,M2 ,S,1,0.5,a,,,,,
,,M2 ,S,1,0.5,b ,,,,,
,,M2 ,S,1,0.5,c,,,,,
,,M2 ,S,1,2,a,,,,,
,,M2 ,S,1,2,b ,,,,,
,,M2 ,S,1,2,c,,,,,
,,M2 ,S,1,6,a,,,,,
,,M2 ,S,1,6,b ,,,,,
,,M2 ,S,1,6,c,,,,,
,,M2 ,S,1,12,a,,,,,
,,M2 ,S,1,12,b ,,,,,
,,M2 ,S,1,12,c,,,,,
,,M2 ,S,1,24,a ,,,,,
,,M2 ,S,1,24,b ,,,,,
,,M2 ,S,1,24,c,,,,,
,,M2 ,S,1,48,a,,,,,
,,M2 ,S,1,48,b ,,,,,
,,M2 ,S,1,48,c,,,,,
,,M2 ,S,2,0.5,a,,,,,
,,M2 ,S,2,0.5,b ,,,,,
,,M2 ,S,2,0.5,c,,,,,
,,M2 ,S,2,2,a,,,,,
,,M2 ,S,2,2,b ,,,,,
,,M2 ,S,2,2,c,,,,,
,,M2 ,S,2,6,a,,,,,
,,M2 ,S,2,6,b ,,,,,
,,M2 ,S,2,6,c,,,,,
,,M2 ,S,2,12,a,,,,,
,,M2 ,S,2,12,b ,,,,,
,,M2 ,S,2,12,c,,,,,
,,M2 ,S,2,24,a ,,,,,
,,M2 ,S,2,24,b ,,,,,
,,M2 ,S,2,24,c,,,,,
,,M2 ,S,2,48,a,,,,,
,,M2 ,S,2,48,b ,,,,,
,,M2 ,S,2,48,c,,,,,
,,M2 ,S,,,E-1 ,,,,,
,,M2 ,S,,,E-2 ,,,,,
,,M2 ,S,,,E-3 ,,,,,
,,M2 ,S,,,E-4 ,,,,,
,,M3,B,1,0.5,a ,,,,,
,,M3,B,1,0.5,b ,,,,,
,,M3,B,1,0.5,c,,,,,
,,M3,B,1,2,a ,,,,,
,,M3,B,1,2,b ,,,,,
,,M3,B,1,2,c,,,,,
,,M3,B,1,6,a ,,,,,
,,M3,B,1,6,b ,,,,,
,,M3,B,1,6,c,,,,,
,,M3,B,1,12,a ,,,,,
,,M3,B,1,12,b ,,,,,
,,M3,B,1,12,c,,,,,
,,M3,B,1,18,a ,,,,,
,,M3,B,1,18,b ,,,,,
,,M3,B,1,18,c ,,,,,
,,M3,B,1,24,a ,,,,,
,,M3,B,1,24,b ,,,,,
,,M3,B,1,24,c,,,,,
,,M3,B,1,48,a ,,,,,
,,M3,B,1,48,b ,,,,,
,,M3,B,1,48,c,,,,,
,,M3,B,2,0.5,a ,,,,,
,,M3,B,2,0.5,b ,,,,,
,,M3,B,2,0.5,c,,,,,
,,M3,B,2,2,a ,,,,,
,,M3,B,2,2,b ,,,,,
,,M3,B,2,2,c,,,,,
,,M3,B,2,6,a ,,,,,
,,M3,B,2,6,b ,,,,,
,,M3,B,2,6,c,,,,,
,,M3,B,2,12,a ,,,,,
,,M3,B,2,12,b ,,,,,
,,M3,B,2,12,c,,,,,
,,M3,B,2,24,a ,,,,,
,,M3,B,2,24,b ,,,,,
,,M3,B,2,24,c,,,,,
,,M3,B,2,48,a ,,,,,
,,M3,B,2,48,b ,,,,,
,,M3,B,2,48,c,,,,,
,,M3,B,,,E1 ,,,,,
,,M3,B,,,E2 ,,,,,
,,M3,B,,,E3,,,,,
,,M3,B,,,E4 ,,,,,
,,M3,G,1,0.5,a,,,,,
,,M3,G,1,0.5,b ,,,,,
,,M3,G,1,0.5,c,,,,,
,,M3,G,1,2,a,,,,,
,,M3,G,1,2,b ,,,,,
,,M3,G,1,2,c,,,,,
,,M3,G,1,6,a,,,,,
,,M3,G,1,6,b ,,,,,
,,M3,G,1,6,c,,,,,
,,M3,G,1,12,a,,,,,
,,M3,G,1,12,b ,,,,,
,,M3,G,1,12,c,,,,,
,,M3,G,1,24,a ,,,,,
,,M3,G,1,24,b ,,,,,
,,M3,G,1,24,c,,,,,
,,M3,G,1,48,a,,,,,
,,M3,G,1,48,b ,,,,,
,,M3,G,1,48,c,,,,,
,,M3,G,2,0.5,a,,,,,
,,M3,G,2,0.5,b ,,,,,
,,M3,G,2,0.5,c,,,,,
,,M3,G,2,2,a,,,,,
,,M3,G,2,2,b ,,,,,
,,M3,G,2,2,c,,,,,
,,M3,G,2,6,a,,,,,
,,M3,G,2,6,b ,,,,,
,,M3,G,2,6,c,,,,,
,,M3,G,2,12,a,,,,,
,,M3,G,2,12,b ,,,,,
,,M3,G,2,12,c,,,,,
,,M3,G,2,24,a ,,,,,
,,M3,G,2,24,b ,,,,,
,,M3,G,2,24,c,,,,,
,,M3,G,2,48,a,,,,,
,,M3,G,2,48,b ,,,,,
,,M3,G,2,48,c,,,,,
,,M3,G,,,E-1 ,,,,,
,,M3,G,,,E-2 ,,,,,
,,M3,G,,,E-3 ,,,,,
,,M3,G,,,E-4 ,,,,,
,,M3,C,1,0.5,a,,,,,
,,M3,C,1,0.5,b ,,,,,
,,M3,C,1,0.5,c,,,,,
,,M3,C,1,2,a,,,,,
,,M3,C,1,2,b ,,,,,
,,M3,C,1,2,c,,,,,
,,M3,C,1,6,a,,,,,
,,M3,C,1,6,b ,,,,,
,,M3,C,1,6,c,,,,,
,,M3,C,1,12,a,,,,,
,,M3,C,1,12,b ,,,,,
,,M3,C,1,12,c,,,,,
,,M3,C,1,24,a ,,,,,
,,M3,C,1,24,b ,,,,,
,,M3,C,1,24,c,,,,,
,,M3,C,1,48,a,,,,,
,,M3,C,1,48,b ,,,,,
,,M3,C,1,48,c,,,,,
,,M3,C,2,0.5,a,,,,,
,,M3,C,2,0.5,b ,,,,,
,,M3,C,2,0.5,c,,,,,
,,M3,C,2,2,a,,,,,
,,M3,C,2,2,b ,,,,,
,,M3,C,2,2,c,,,,,
,,M3,C,2,6,a,,,,,
,,M3,C,2,6,b ,,,,,
,,M3,C,2,6,c,,,,,
,,M3,C,2,12,a,,,,,
,,M3,C,2,12,b ,,,,,
,,M3,C,2,12,c,,,,,
,,M3,C,2,24,a ,,,,,
,,M3,C,2,24,b ,,,,,
,,M3,C,2,24,c,,,,,
,,M3,C,2,48,a,,,,,
,,M3,C,2,48,b ,,,,,
,,M3,C,2,48,c,,,,,
,,M3,C,,,E-1 ,,,,,
,,M3,C,,,E-2 ,,,,,
,,M3,C,,,E-3 ,,,,,
,,M3,C,,,E-4 ,,,,,
,,M3,S,1,0.5,a,,,,,
,,M3,S,1,0.5,b ,,,,,
,,M3,S,1,0.5,c,,,,,
,,M3,S,1,2,a,,,,,
,,M3,S,1,2,b ,,,,,
,,M3,S,1,2,c,,,,,
,,M3,S,1,6,a,,,,,
,,M3,S,1,6,b ,,,,,
,,M3,S,1,6,c,,,,,
,,M3,S,1,12,a,,,,,
,,M3,S,1,12,b ,,,,,
,,M3,S,1,12,c,,,,,
,,M3,S,1,24,a ,,,,,
,,M3,S,1,24,b ,,,,,
,,M3,S,1,24,c,,,,,
,,M3,S,1,48,a,,,,,
,,M3,S,1,48,b ,,,,,
,,M3,S,1,48,c,,,,,
,,M3,S,2,0.5,a,,,,,
,,M3,S,2,0.5,b ,,,,,
,,M3,S,2,0.5,c,,,,,
,,M3,S,2,2,a,,,,,
,,M3,S,2,2,b ,,,,,
,,M3,S,2,2,c,,,,,
,,M3,S,2,6,a,,,,,
,,M3,S,2,6,b ,,,,,
,,M3,S,2,6,c,,,,,
,,M3,S,2,12,a,,,,,
,,M3,S,2,12,b ,,,,,
,,M3,S,2,12,c,,,,,
,,M3,S,2,24,a ,,,,,
,,M3,S,2,24,b ,,,,,
,,M3,S,2,24,c,,,,,
,,M3,S,2,48,a,,,,,
,,M3,S,2,48,b ,,,,,
,,M3,S,2,48,c,,,,,
,,M3,S,,,E-1 ,,,,,
,,M3,S,,,E-2 ,,,,,
,,M3,S,,,E-3 ,,,,,
,,M3,S,,,E-4 ,,,,,
,,M4 (starts rubber pads),B,1,0.5,a ,,,,,
,,M4,B,1,0.5,b ,,,,,
,,M4,B,1,0.5,c,,,,,
,,M4,B,1,2,a ,,,,,
,,M4,B,1,2,b ,,,,,
,,M4,B,1,2,c,,,,,
,,M4,B,1,6,a ,,,,,
,,M4,B,1,6,b ,,,,,
,,M4,B,1,6,c,,,,,
,,M4,B,1,12,a ,,,,,
,,M4,B,1,12,b ,,,,,
,,M4,B,1,12,c,,,,,
,,M4,B,1,18,a ,,,,,
,,M4,B,1,18,b ,,,,,
,,M4,B,1,18,c ,,,,,
,,M4,B,1,24,a ,,,,,
,,M4,B,1,24,b ,,,,,
,,M4,B,1,24,c,,,,,
,,M4,B,1,48,a ,,,,,
,,M4,B,1,48,b ,,,,,
,,M4,B,1,48,c,,,,,
,,M4,B,2,0.5,a ,,,,,
,,M4,B,2,0.5,b ,,,,,
,,M4,B,2,0.5,c,,,,,
,,M4,B,2,2,a ,,,,,
,,M4,B,2,2,b ,,,,,
,,M4,B,2,2,c,,,,,
,,M4,B,2,6,a ,,,,,
,,M4,B,2,6,b ,,,,,
,,M4,B,2,6,c,,,,,
,,M4,B,2,12,a ,,,,,
,,M4,B,2,12,b ,,,,,
,,M4,B,2,12,c,,,,,
,,M4,B,2,24,a ,,,,,
,,M4,B,2,24,b ,,,,,
,,M4,B,2,24,c,,,,,
,,M4,B,2,48,a ,,,,,
,,M4,B,2,48,b ,,,,,
,,M4,B,2,48,c,,,,,
,,M4,B,,,E1 ,,,,,
,,M4,B,,,E2 ,,,,,
,,M4,B,,,E3,,,,,
,,M4,B,,,E4 ,,,,,
,,M4,G,1,0.5,a,,,,,
,,M4,G,1,0.5,b ,,,,,
,,M4,G,1,0.5,c,,,,,
,,M4,G,1,2,a,,,,,
,,M4,G,1,2,b ,,,,,
,,M4,G,1,2,c,,,,,
,,M4,G,1,6,a,,,,,
,,M4,G,1,6,b ,,,,,
,,M4,G,1,6,c,,,,,
,,M4,G,1,12,a,,,,,
,,M4,G,1,12,b ,,,,,
,,M4,G,1,12,c,,,,,
,,M4,G,1,24,a ,,,,,
,,M4,G,1,24,b ,,,,,
,,M4,G,1,24,c,,,,,
,,M4,G,1,48,a,,,,,
,,M4,G,1,48,b ,,,,,
,,M4,G,1,48,c,,,,,
,,M4,G,2,0.5,a,,,,,
,,M4,G,2,0.5,b ,,,,,
,,M4,G,2,0.5,c,,,,,
,,M4,G,2,2,a,,,,,
,,M4,G,2,2,b ,,,,,
,,M4,G,2,2,c,,,,,
,,M4,G,2,6,a,,,,,
,,M4,G,2,6,b ,,,,,
,,M4,G,2,6,c,,,,,
,,M4,G,2,12,a,,,,,
,,M4,G,2,12,b ,,,,,
,,M4,G,2,12,c,,,,,
,,M4,G,2,24,a ,,,,,
,,M4,G,2,24,b ,,,,,
,,M4,G,2,24,c,,,,,
,,M4,G,2,48,a,,,,,
,,M4,G,2,48,b ,,,,,
,,M4,G,2,48,c,,,,,
,,M4,G,,,E-1 ,,,,,
,,M4,G,,,E-2 ,,,,,
,,M4,G,,,E-3 ,,,,,
,,M4,G,,,E-4 ,,,,,
,,M4,C,1,0.5,a,,,,,
,,M4,C,1,0.5,b ,,,,,
,,M4,C,1,0.5,c,,,,,
,,M4,C,1,2,a,,,,,
,,M4,C,1,2,b ,,,,,
,,M4,C,1,2,c,,,,,
,,M4,C,1,6,a,,,,,
,,M4,C,1,6,b ,,,,,
,,M4,C,1,6,c,,,,,
,,M4,C,1,12,a,,,,,
,,M4,C,1,12,b ,,,,,
,,M4,C,1,12,c,,,,,
,,M4,C,1,24,a ,,,,,
,,M4,C,1,24,b ,,,,,
,,M4,C,1,24,c,,,,,
,,M4,C,1,48,a,,,,,
,,M4,C,1,48,b ,,,,,
,,M4,C,1,48,c,,,,,
,,M4,C,2,0.5,a,,,,,
,,M4,C,2,0.5,b ,,,,,
,,M4,C,2,0.5,c,,,,,
,,M4,C,2,2,a,,,,,
,,M4,C,2,2,b ,,,,,
,,M4,C,2,2,c,,,,,
,,M4,C,2,6,a,,,,,
,,M4,C,2,6,b ,,,,,
,,M4,C,2,6,c,,,,,
,,M4,C,2,12,a,,,,,
,,M4,C,2,12,b ,,,,,
,,M4,C,2,12,c,,,,,
,,M4,C,2,24,a ,,,,,
,,M4,C,2,24,b ,,,,,
,,M4,C,2,24,c,,,,,
,,M4,C,2,48,a,,,,,
,,M4,C,2,48,b ,,,,,
,,M4,C,2,48,c,,,,,
,,M4,C,,,E-1 ,,,,,
,,M4,C,,,E-2 ,,,,,
,,M4,C,,,E-3 ,,,,,
,,M4,C,,,E-4 ,,,,,
,,M4,S,1,0.5,a,,,,,
,,M4,S,1,0.5,b ,,,,,
,,M4,S,1,0.5,c,,,,,
,,M4,S,1,2,a,,,,,
,,M4,S,1,2,b ,,,,,
,,M4,S,1,2,c,,,,,
,,M4,S,1,6,a,,,,,
,,M4,S,1,6,b ,,,,,
,,M4,S,1,6,c,,,,,
,,M4,S,1,12,a,,,,,
,,M4,S,1,12,b ,,,,,
,,M4,S,1,12,c,,,,,
,,M4,S,1,24,a ,,,,,
,,M4,S,1,24,b ,,,,,
,,M4,S,1,24,c,,,,,
,,M4,S,1,48,a,,,,,
,,M4,S,1,48,b ,,,,,
,,M4,S,1,48,c,,,,,
,,M4,S,2,0.5,a,,,,,
,,M4,S,2,0.5,b ,,,,,
,,M4,S,2,0.5,c,,,,,
,,M4,S,2,2,a,,,,,
,,M4,S,2,2,b ,,,,,
,,M4,S,2,2,c,,,,,
,,M4,S,2,6,a,,,,,
,,M4,S,2,6,b ,,,,,
,,M4,S,2,6,c,,,,,
,,M4,S,2,12,a,,,,,
,,M4,S,2,12,b ,,,,,
,,M4,S,2,12,c,,,,,
,,M4,S,2,24,a ,,,,,
,,M4,S,2,24,b ,,,,,
,,M4,S,2,24,c,,,,,
,,M4,S,2,48,a,,,,,
,,M4,S,2,48,b ,,,,,
,,M4,S,2,48,c,,,,,
,,M4,S,,,E-1 ,,,,,
,,M4,S,,,E-2 ,,,,,
,,M4,S,,,E-3 ,,,,,
,,M4,S,,,E-4 ,,,,,
,,M5 (starts 18 meters) ,B,1,0.5,a ,,,,,
,,M5,B,1,0.5,b ,,,,,
,,M5,B,1,0.5,c,,,,,
,,M5,B,1,2,a ,,,,,
,,M5,B,1,2,b ,,,,,
,,M5,B,1,2,c,,,,,
,,M5,B,1,6,a ,,,,,
,,M5,B,1,6,b ,,,,,
,,M5,B,1,6,c,,,,,
,,M5,B,1,12,a ,,,,,
,,M5,B,1,12,b ,,,,,
,,M5,B,1,12,c,,,,,
,,M5,B,1,18,a ,,,,,
,,M5,B,1,18,b ,,,,,
,,M5,B,1,18,c ,,,,,
,,M5,B,1,24,a ,,,,,
,,M5,B,1,24,b ,,,,,
,,M5,B,1,24,c,,,,,
,,M5,B,1,48,a ,,,,,
,,M5,B,1,48,b ,,,,,
,,M5,B,1,48,c,,,,,
,,M5,B,2,0.5,a ,,,,,
,,M5,B,2,0.5,b ,,,,,
,,M5,B,2,0.5,c,,,,,
,,M5,B,2,2,a ,,,,,
,,M5,B,2,2,b ,,,,,
,,M5,B,2,2,c,,,,,
,,M5,B,2,6,a ,,,,,
,,M5,B,2,6,b ,,,,,
,,M5,B,2,6,c,,,,,
,,M5,B,2,12,a ,,,,,
,,M5,B,2,12,b ,,,,,
,,M5,B,2,12,c,,,,,
,,M5,B,2,24,a ,,,,,
,,M5,B,2,24,b ,,,,,
,,M5,B,2,24,c,,,,,
,,M5,B,2,48,a ,,,,,
,,M5,B,2,48,b ,,,,,
,,M5,B,2,48,c,,,,,
,,M5,B,,,E1 ,,,,,
,,M5,B,,,E2 ,,,,,
,,M5,B,,,E3,,,,,
,,M5,B,,,E4 ,,,,,
,,M5,G,1,0.5,a,,,,,
,,M5,G,1,0.5,b ,,,,,
,,M5,G,1,0.5,c,,,,,
,,M5,G,1,2,a,,,,,
,,M5,G,1,2,b ,,,,,
,,M5,G,1,2,c,,,,,
,,M5,G,1,6,a,,,,,
,,M5,G,1,6,b ,,,,,
,,M5,G,1,6,c,,,,,
,,M5,G,1,12,a,,,,,
,,M5,G,1,12,b ,,,,,
,,M5,G,1,12,c,,,,,
,,M5,G,1,24,a ,,,,,
,,M5,G,1,24,b ,,,,,
,,M5,G,1,24,c,,,,,
,,M5,G,1,48,a,,,,,
,,M5,G,1,48,b ,,,,,
,,M5,G,1,48,c,,,,,
,,M5,G,2,0.5,a,,,,,
,,M5,G,2,0.5,b ,,,,,
,,M5,G,2,0.5,c,,,,,
,,M5,G,2,2,a,,,,,
,,M5,G,2,2,b ,,,,,
,,M5,G,2,2,c,,,,,
,,M5,G,2,6,a,,,,,
,,M5,G,2,6,b ,,,,,
,,M5,G,2,6,c,,,,,
,,M5,G,2,12,a,,,,,
,,M5,G,2,12,b ,,,,,
,,M5,G,2,12,c,,,,,
,,M5,G,2,24,a ,,,,,
,,M5,G,2,24,b ,,,,,
,,M5,G,2,24,c,,,,,
,,M5,G,2,48,a,,,,,
,,M5,G,2,48,b ,,,,,
,,M5,G,2,48,c,,,,,
,,M5,G,,,E-1 ,,,,,
,,M5,G,,,E-2 ,,,,,
,,M5,G,,,E-3 ,,,,,
,,M5,G,,,E-4 ,,,,,
,,M5,C,1,0.5,a,,,,,
,,M5,C,1,0.5,b ,,,,,
,,M5,C,1,0.5,c,,,,,
,,M5,C,1,2,a,,,,,
,,M5,C,1,2,b ,,,,,
,,M5,C,1,2,c,,,,,
,,M5,C,1,6,a,,,,,
,,M5,C,1,6,b ,,,,,
,,M5,C,1,6,c,,,,,
,,M5,C,1,12,a,,,,,
,,M5,C,1,12,b ,,,,,
,,M5,C,1,12,c,,,,,
,,M5,C,1,24,a ,,,,,
,,M5,C,1,24,b ,,,,,
,,M5,C,1,24,c,,,,,
,,M5,C,1,48,a,,,,,
,,M5,C,1,48,b ,,,,,
,,M5,C,1,48,c,,,,,
,,M5,C,2,0.5,a,,,,,
,,M5,C,2,0.5,b ,,,,,
,,M5,C,2,0.5,c,,,,,
,,M5,C,2,2,a,,,,,
,,M5,C,2,2,b ,,,,,
,,M5,C,2,2,c,,,,,
,,M5,C,2,6,a,,,,,
,,M5,C,2,6,b ,,,,,
,,M5,C,2,6,c,,,,,
,,M5,C,2,12,a,,,,,
,,M5,C,2,12,b ,,,,,
,,M5,C,2,12,c,,,,,
,,M5,C,2,24,a ,,,,,
,,M5,C,2,24,b ,,,,,
,,M5,C,2,24,c,,,,,
,,M5,C,2,48,a,,,,,
,,M5,C,2,48,b ,,,,,
,,M5,C,2,48,c,,,,,
,,M5,C,,,E-1 ,,,,,
,,M5,C,,,E-2 ,,,,,
,,M5,C,,,E-3 ,,,,,
,,M5,C,,,E-4 ,,,,,
,,M5,S,1,0.5,a,,,,,
,,M5,S,1,0.5,b ,,,,,
,,M5,S,1,0.5,c,,,,,
,,M5,S,1,2,a,,,,,
,,M5,S,1,2,b ,,,,,
,,M5,S,1,2,c,,,,,
,,M5,S,1,6,a,,,,,
,,M5,S,1,6,b ,,,,,
,,M5,S,1,6,c,,,,,
,,M5,S,1,12,a,,,,,
,,M5,S,1,12,b ,,,,,
,,M5,S,1,12,c,,,,,
,,M5,S,1,24,a ,,,,,
,,M5,S,1,24,b ,,,,,
,,M5,S,1,24,c,,,,,
,,M5,S,1,48,a,,,,,
,,M5,S,1,48,b ,,,,,
,,M5,S,1,48,c,,,,,
,,M5,S,2,0.5,a,,,,,
,,M5,S,2,0.5,b ,,,,,
,,M5,S,2,0.5,c,,,,,
,,M5,S,2,2,a,,,,,
,,M5,S,2,2,b ,,,,,
,,M5,S,2,2,c,,,,,
,,M5,S,2,6,a,,,,,
,,M5,S,2,6,b ,,,,,
,,M5,S,2,6,c,,,,,
,,M5,S,2,12,a,,,,,
,,M5,S,2,12,b ,,,,,
,,M5,S,2,12,c,,,,,
,,M5,S,2,24,a ,,,,,
,,M5,S,2,24,b ,,,,,
,,M5,S,2,24,c,,,,,
,,M5,S,2,48,a,,,,,
,,M5,S,2,48,b ,,,,,
,,M5,S,2,48,c,,,,,
,,M5,S,,,E-1 ,,,,,
,,M5,S,,,E-2 ,,,,,
,,M5,S,,,E-3 ,,,,,
,,M5,S,,,E-4 ,,,,,
,,M5,S,1,18,a,,,,,
,,M5,S,1,18,b ,,,,,
,,M5,S,1,18,c,,,,,
,,M5,S,2,18,a,,,,,
,,M5,S,2,18,b ,,,,,
,,M5,S,2,18,c,,,,,
,,M5,G,1,18,a,,,,,
,,M5,G,1,18,b ,,,,,
,,M5,G,1,18,c,,,,,
,,M5,G,2,18,a,,,,,
,,M5,G,2,18,b ,,,,,
,,M5,G,2,18,c,,,,,
,,M5,B,2,18,a,,,,,
,,M5,B,2,18,b ,,,,,
,,M5,B,2,18,c,,,,,
,,M5,C,1,18,a,,,,,
,,M5,C,1,18,b ,,,,,
,,M5,C,1,18,c,,,,,
,,M5,C,2,18,a,,,,,
,,M5,C,2,18,b ,,,,,
,,M5,C,2,18,c,,,,,
,,M6,B,1,0.5,a ,,,,,
,,M6,B,1,0.5,b ,,,,,
,,M6,B,1,0.5,c,,,,,
,,M6,B,1,2,a ,,,,,
,,M6,B,1,2,b ,,,,,
,,M6,B,1,2,c,,,,,
,,M6,B,1,6,a ,,,,,
,,M6,B,1,6,b ,,,,,
,,M6,B,1,6,c,,,,,
,,M6,B,1,12,a ,,,,,
,,M6,B,1,12,b ,,,,,
,,M6,B,1,12,c,,,,,
,,M6,B,1,18,a ,,,,,
,,M6,B,1,18,b ,,,,,
,,M6,B,1,18,c ,,,,,
,,M6,B,1,24,a ,,,,,
,,M6,B,1,24,b ,,,,,
,,M6,B,1,24,c,,,,,
,,M6,B,1,48,a ,,,,,
,,M6,B,1,48,b ,,,,,
,,M6,B,1,48,c,,,,,
,,M6,B,2,0.5,a ,,,,,
,,M6,B,2,0.5,b ,,,,,
,,M6,B,2,0.5,c,,,,,
,,M6,B,2,2,a ,,,,,
,,M6,B,2,2,b ,,,,,
,,M6,B,2,2,c,,,,,
,,M6,B,2,6,a ,,,,,
,,M6,B,2,6,b ,,,,,
,,M6,B,2,6,c,,,,,
,,M6,B,2,12,a ,,,,,
,,M6,B,2,12,b ,,,,,
,,M6,B,2,12,c,,,,,
,,M6,B,2,18,a,,,,,
,,M6,B,2,18,b ,,,,,
,,M6,B,2,18,c,,,,,
,,M6,B,2,24,a ,,,,,
,,M6,B,2,24,b ,,,,,
,,M6,B,2,24,c,,,,,
,,M6,B,2,48,a ,,,,,
,,M6,B,2,48,b ,,,,,
,,M6,B,2,48,c,,,,,
,,M6,B,,,E1 ,,,,,
,,M6,B,,,E2 ,,,,,
,,M6,B,,,E3,,,,,
,,M6,B,,,E4 ,,,,,
,,M6,G,1,0.5,a,,,,,
,,M6,G,1,0.5,b ,,,,,
,,M6,G,1,0.5,c,,,,,
,,M6,G,1,2,a,,,,,
,,M6,G,1,2,b ,,,,,
,,M6,G,1,2,c,,,,,
,,M6,G,1,6,a,,,,,
,,M6,G,1,6,b ,,,,,
,,M6,G,1,6,c,,,,,
,,M6,G,1,12,a,,,,,
,,M6,G,1,12,b ,,,,,
,,M6,G,1,12,c,,,,,
,,M6,G,1,18,a,,,,,
,,M6,G,1,18,b ,,,,,
,,M6,G,1,18,c,,,,,
,,M6,G,1,24,a ,,,,,
,,M6,G,1,24,b ,,,,,
,,M6,G,1,24,c,,,,,
,,M6,G,1,48,a,,,,,
,,M6,G,1,48,b ,,,,,
,,M6,G,1,48,c,,,,,
,,M6,G,2,0.5,a,,,,,
,,M6,G,2,0.5,b ,,,,,
,,M6,G,2,0.5,c,,,,,
,,M6,G,2,2,a,,,,,
,,M6,G,2,2,b ,,,,,
,,M6,G,2,2,c,,,,,
,,M6,G,2,6,a,,,,,
,,M6,G,2,6,b ,,,,,
,,M6,G,2,6,c,,,,,
,,M6,G,2,12,a,,,,,
,,M6,G,2,12,b ,,,,,
,,M6,G,2,12,c,,,,,
,,M6,G,2,18,a,,,,,
,,M6,G,2,18,b ,,,,,
,,M6,G,2,18,c,,,,,
,,M6,G,2,24,a ,,,,,
,,M6,G,2,24,b ,,,,,
,,M6,G,2,24,c,,,,,
,,M6,G,2,48,a,,,,,
,,M6,G,2,48,b ,,,,,
,,M6,G,2,48,c,,,,,
,,M6,G,,,E-1 ,,,,,
,,M6,G,,,E-2 ,,,,,
,,M6,G,,,E-3 ,,,,,
,,M6,G,,,E-4 ,,,,,
,,M6,C,1,0.5,a,,,,,
,,M6,C,1,0.5,b ,,,,,
,,M6,C,1,0.5,c,,,,,
,,M6,C,1,2,a,,,,,
,,M6,C,1,2,b ,,,,,
,,M6,C,1,2,c,,,,,
,,M6,C,1,6,a,,,,,
,,M6,C,1,6,b ,,,,,
,,M6,C,1,6,c,,,,,
,,M6,C,1,12,a,,,,,
,,M6,C,1,12,b ,,,,,
,,M6,C,1,12,c,,,,,
,,M6,C,1,18,a,,,,,
,,M6,C,1,18,b ,,,,,
,,M6,C,1,18,c,,,,,
,,M6,C,1,24,a ,,,,,
,,M6,C,1,24,b ,,,,,
,,M6,C,1,24,c,,,,,
,,M6,C,1,48,a,,,,,
,,M6,C,1,48,b ,,,,,
,,M6,C,1,48,c,,,,,
,,M6,C,2,0.5,a,,,,,
,,M6,C,2,0.5,b ,,,,,
,,M6,C,2,0.5,c,,,,,
,,M6,C,2,2,a,,,,,
,,M6,C,2,2,b ,,,,,
,,M6,C,2,2,c,,,,,
,,M6,C,2,6,a,,,,,
,,M6,C,2,6,b ,,,,,
,,M6,C,2,6,c,,,,,
,,M6,C,2,12,a,,,,,
,,M6,C,2,12,b ,,,,,
,,M6,C,2,12,c,,,,,
,,M6,C,2,18,a,,,,,
,,M6,C,2,18,b ,,,,,
,,M6,C,2,18,c,,,,,
,,M6,C,2,24,a ,,,,,
,,M6,C,2,24,b ,,,,,
,,M6,C,2,24,c,,,,,
,,M6,C,2,48,a,,,,,
,,M6,C,2,48,b ,,,,,
,,M6,C,2,48,c,,,,,
,,M6,C,,,E-1 ,,,,,
,,M6,C,,,E-2 ,,,,,
,,M6,C,,,E-3 ,,,,,
,,M6,C,,,E-4 ,,,,,
,,M6,S,1,0.5,a,,,,,
,,M6,S,1,0.5,b ,,,,,
,,M6,S,1,0.5,c,,,,,
,,M6,S,1,2,a,,,,,
,,M6,S,1,2,b ,,,,,
,,M6,S,1,2,c,,,,,
,,M6,S,1,6,a,,,,,
,,M6,S,1,6,b ,,,,,
,,M6,S,1,6,c,,,,,
,,M6,S,1,12,a,,,,,
,,M6,S,1,12,b ,,,,,
,,M6,S,1,12,c,,,,,
,,M6,S,1,18,a,,,,,
,,M6,S,1,18,b ,,,,,
,,M6,S,1,18,c,,,,,
,,M6,S,1,24,a ,,,,,
,,M6,S,1,24,b ,,,,,
,,M6,S,1,24,c,,,,,
,,M6,S,1,48,a,,,,,
,,M6,S,1,48,b ,,,,,
,,M6,S,1,48,c,,,,,
,,M6,S,2,0.5,a,,,,,
,,M6,S,2,0.5,b ,,,,,
,,M6,S,2,0.5,c,,,,,
,,M6,S,2,2,a,,,,,
,,M6,S,2,2,b ,,,,,
,,M6,S,2,2,c,,,,,
,,M6,S,2,6,a,,,,,
,,M6,S,2,6,b ,,,,,
,,M6,S,2,6,c,,,,,
,,M6,S,2,12,a,,,,,
,,M6,S,2,12,b ,,,,,
,,M6,S,2,12,c,,,,,
,,M6,S,2,18,a,,,,,
,,M6,S,2,18,b ,,,,,
,,M6,S,2,18,c,,,,,
,,M6,S,2,24,a ,,,,,
,,M6,S,2,24,b ,,,,,
,,M6,S,2,24,c,,,,,
,,M6,S,2,48,a,,,,,
,,M6,S,2,48,b ,,,,,
,,M6,S,2,48,c,,,,,
,,M6,S,,,E-1 ,,,,,
,,M6,S,,,E-2 ,,,,,
,,M6,S,,,E-3 ,,,,,
,,M6,S,,,E-4 ,,,,,
,,M7,B,1,0.5,a ,,,,,
,,M7,B,1,0.5,b ,,,,,
,,M7,B,1,0.5,c,,,,,
,,M7,B,1,2,a ,,,,,
,,M7,B,1,2,b ,,,,,
,,M7,B,1,2,c,,,,,
,,M7,B,1,6,a ,,,,,
,,M7,B,1,6,b ,,,,,
,,M7,B,1,6,c,,,,,
,,M7,B,1,12,a ,,,,,
,,M7,B,1,12,b ,,,,,
,,M7,B,1,12,c,,,,,
,,M7,B,1,18,a ,,,,,
,,M7,B,1,18,b ,,,,,
,,M7,B,1,18,c ,,,,,
,,M7,B,1,24,a ,,,,,
,,M7,B,1,24,b ,,,,,
,,M7,B,1,24,c,,,,,
,,M7,B,1,48,a ,,,,,
,,M7,B,1,48,b ,,,,,
,,M7,B,1,48,c,,,,,
,,M7,B,2,0.5,a ,,,,,
,,M7,B,2,0.5,b ,,,,,
,,M7,B,2,0.5,c,,,,,
,,M7,B,2,2,a ,,,,,
,,M7,B,2,2,b ,,,,,
,,M7,B,2,2,c,,,,,
,,M7,B,2,6,a ,,,,,
,,M7,B,2,6,b ,,,,,
,,M7,B,2,6,c,,,,,
,,M7,B,2,12,a ,,,,,
,,M7,B,2,12,b ,,,,,
,,M7,B,2,12,c,,,,,
,,M7,B,2,24,a ,,,,,
,,M7,B,2,24,b ,,,,,
,,M7,B,2,24,c,,,,,
,,M7,B,2,48,a ,,,,,
,,M7,B,2,48,b ,,,,,
,,M7,B,2,48,c,,,,,
,,M7,B,,,E1 ,,,,,
,,M7,B,,,E2 ,,,,,
,,M7,B,,,E3,,,,,
,,M7,B,,,E4 ,,,,,
,,M7,G,1,0.5,a,,,,,
,,M7,G,1,0.5,b ,,,,,
,,M7,G,1,0.5,c,,,,,
,,M7,G,1,2,a,,,,,
,,M7,G,1,2,b ,,,,,
,,M7,G,1,2,c,,,,,
,,M7,G,1,6,a,,,,,
,,M7,G,1,6,b ,,,,,
,,M7,G,1,6,c,,,,,
,,M7,G,1,12,a,,,,,
,, ,G,1,12,b ,,,,,
,,M7,G,1,12,c,,,,,
,,M7,G,1,24,a ,,,,,
,,M7,G,1,24,b ,,,,,
,,M7,G,1,24,c,,,,,
,,M7,G,1,48,a,,,,,
,,M7,G,1,48,b ,,,,,
,,M7,G,1,48,c,,,,,
,,M7,G,2,0.5,a,,,,,
,,M7,G,2,0.5,b ,,,,,
,,M7,G,2,0.5,c,,,,,
,,M7,G,2,2,a,,,,,
,,M7,G,2,2,b ,,,,,
,,M7,G,2,2,c,,,,,
,,M7,G,2,6,a,,,,,
,,M7,G,2,6,b ,,,,,
,,M7,G,2,6,c,,,,,
,,M7,G,2,12,a,,,,,
,,M7,G,2,12,b ,,,,,
,,M7,G,2,12,c,,,,,
,,M7,G,2,24,a ,,,,,
,,M7,G,2,24,b ,,,,,
,,M7,G,2,24,c,,,,,
,,M7,G,2,48,a,,,,,
,,M7,G,2,48,b ,,,,,
,,M7,G,2,48,c,,,,,
,,M7,G,,,E-1 ,,,,,
,,M7,G,,,E-2 ,,,,,
,,M7,G,,,E-3 ,,,,,
,,M7,G,,,E-4 ,,,,,
,,M7,C,1,0.5,a,,,,,
,,M7,C,1,0.5,b ,,,,,
,,M7,C,1,0.5,c,,,,,
,,M7,C,1,2,a,,,,,
,,M7,C,1,2,b ,,,,,
,,M7,C,1,2,c,,,,,
,,M7,C,1,6,a,,,,,
,,M7,C,1,6,b ,,,,,
,,M7,C,1,6,c,,,,,
,,M7,C,1,12,a,,,,,
,,M7,C,1,12,b ,,,,,
,,M7,C,1,12,c,,,,,
,,M7,C,1,24,a ,,,,,
,,M7,C,1,24,b ,,,,,
,,M7,C,1,24,c,,,,,
,,M7,C,1,48,a,,,,,
,,M7,C,1,48,b ,,,,,
,,M7,C,1,48,c,,,,,
,,M7,C,2,0.5,a,,,,,
,,M7,C,2,0.5,b ,,,,,
,,M7,C,2,0.5,c,,,,,
,,M7,C,2,2,a,,,,,
,,M7,C,2,2,b ,,,,,
,,M7,C,2,2,c,,,,,
,,M7,C,2,6,a,,,,,
,,M7,C,2,6,b ,,,,,
,,M7,C,2,6,c,,,,,
,,M7,C,2,12,a,,,,,
,,M7,C,2,12,b ,,,,,
,,M7,C,2,12,c,,,,,
,,M7,C,2,24,a ,,,,,
,,M7,C,2,24,b ,,,,,
,,M7,C,2,24,c,,,,,
,,M7,C,2,48,a,,,,,
,,M7,C,2,48,b ,,,,,
,,M7,C,2,48,c,,,,,
,,M7,C,,,E-1 ,,,,,
,,M7,C,,,E-2 ,,,,,
,,M7,C,,,E-3 ,,,,,
,,M7,C,,,E-4 ,,,,,
,,M7,S,1,0.5,a,,,,,
,,M7,S,1,0.5,b ,,,,,
,,M7,S,1,0.5,c,,,,,
,,M7,S,1,2,a,,,,,
,,M7,S,1,2,b ,,,,,
,,M7,S,1,2,c,,,,,
,,M7,S,1,6,a,,,,,
,,M7,S,1,6,b ,,,,,
,,M7,S,1,6,c,,,,,
,,M7,S,1,12,a,,,,,
,,M7,S,1,12,b ,,,,,
,,M7,S,1,12,c,,,,,
,,M7,S,1,24,a ,,,,,
,,M7,S,1,24,b ,,,,,
,,M7,S,1,24,c,,,,,
,,M7,S,1,48,a,,,,,
,,M7,S,1,48,b ,,,,,
,,M7,S,1,48,c,,,,,
,,M7,S,2,0.5,a,,,,,
,,M7,S,2,0.5,b ,,,,,
,,M7,S,2,0.5,c,,,,,
,,M7,S,2,2,a,,,,,
,,M7,S,2,2,b ,,,,,
,,M7,S,2,2,c,,,,,
,,M7,S,2,6,a,,,,,
,,M7,S,2,6,b ,,,,,
,,M7,S,2,6,c,,,,,
,,M7,S,2,12,a,,,,,
,,M7,S,2,12,b ,,,,,
,,M7,S,2,12,c,,,,,
,,M7,S,2,24,a ,,,,,
,,M7,S,2,24,b ,,,,,
,,M7,S,2,24,c,,,,,
,,M7,S,2,48,a,,,,,
,,M7,S,2,48,b ,,,,,
,,M7,S,2,48,c,,,,,
,,M7,S,,,E-1 ,,,,,
,,M7,S,,,E-2 ,,,,,
,,M7,S,,,E-3 ,,,,,
,,M7,S,,,E-4 ,,,,,
,,M7,C,1,18,a,,,,,
,,M7,C,1,18,b ,,,,,
,,M7,C,1,18,c,,,,,
,,M7,C,2,18,a,,,,,
,,M7,C,2,18,b ,,,,,
,,M7,C,2,18,c,,,,,
,,M7,S,1,18,a,,,,,
,,M7,S,1,18,b ,,,,,
,,M7,S,1,18,c,,,,,
,,M7,S,2,18,a,,,,,
,,M7,S,2,18,b ,,,,,
,,M7,S,2,18,c,,,,,
,,M7,B,2,18,a,,,,,
,,M7,B,2,18,b ,,,,,
,,M7,B,2,18,c,,,,,
,,M7,G,1,18,a,,,,,
,,M7,G,1,18,b ,,,,,
,,M7,G,1,18,c,,,,,
,,M7,G,2,18,a,,,,,
,,M7,G,2,18,b ,,,,,
,,M7,G,2,18,c,,,,,
,,M8,B,1,0.5,a ,,,,,
,,M8,B,1,0.5,b ,,,,,
,,M8,B,1,0.5,c,,,,,
,,M8,B,1,2,a ,,,,,
,,M8,B,1,2,b ,,,,,
,,M8,B,1,2,c,,,,,
,,M8,B,1,6,a ,,,,,
,,M8,B,1,6,b ,,,,,
,,M8,B,1,6,c,,,,,
,,M8,B,1,12,a ,,,,,
,,M8,B,1,12,b ,,,,,
,,M8,B,1,12,c,,,,,
,,M8,B,1,18,a ,,,,,
,,M8,B,1,18,b ,,,,,
,,M8,B,1,18,c ,,,,,
,,M8,B,1,24,a ,,,,,
,,M8,B,1,24,b ,,,,,
,,M8,B,1,24,c,,,,,
,,M8,B,1,48,a ,,,,,
,,M8,B,1,48,b ,,,,,
,,M8,B,1,48,c,,,,,
,,M8,B,2,0.5,a ,,,,,
,,M8,B,2,0.5,b ,,,,,
,,M8,B,2,0.5,c,,,,,
,,M8,B,2,2,a ,,,,,
,,M8,B,2,2,b ,,,,,
,,M8,B,2,2,c,,,,,
,,M8,B,2,6,a ,,,,,
,,M8,B,2,6,b ,,,,,
,,M8,B,2,6,c,,,,,
,,M8,B,2,12,a ,,,,,
,,M8,B,2,12,b ,,,,,
,,M8,B,2,12,c,,,,,
,,M8,B,2,18,a,,,,,
,,M8,B,2,18,b ,,,,,
,,M8,B,2,18,c,,,,,
,,M8,B,2,24,a ,,,,,
,,M8,B,2,24,b ,,,,,
,,M8,B,2,24,c,,,,,
,,M8,B,2,48,a ,,,,,
,,M8,B,2,48,b ,,,,,
,,M8,B,2,48,c,,,,,
,,M8,B,,,E1 ,,,,,
,,M8,B,,,E2 ,,,,,
,,M8,B,,,E3,,,,,
,,M8,B,,,E4 ,,,,,
,,M8,G,1,0.5,a,,,,,
,,M8,G,1,0.5,b ,,,,,
,,M8,G,1,0.5,c,,,,,
,,M8,G,1,2,a,,,,,
,,M8,G,1,2,b ,,,,,
,,M8,G,1,2,c,,,,,
,,M8,G,1,6,a,,,,,
,,M8,G,1,6,b ,,,,,
,,M8,G,1,6,c,,,,,
,,M8,G,1,12,a,,,,,
,,M8,G,1,12,b ,,,,,
,,M8,G,1,12,c,,,,,
,,M8,G,1,18,a,,,,,
,,M8,G,1,18,b ,,,,,
,,M8,G,1,18,c,,,,,
,,M8,G,1,24,a ,,,,,
,,M8,G,1,24,b ,,,,,
,,M8,G,1,24,c,,,,,
,,M8,G,1,48,a,,,,,
,,M8,G,1,48,b ,,,,,
,,M8,G,1,48,c,,,,,
,,M8,G,2,0.5,a,,,,,
,,M8,G,2,0.5,b ,,,,,
,,M8,G,2,0.5,c,,,,,
,,M8,G,2,2,a,,,,,
,,M8,G,2,2,b ,,,,,
,,M8,G,2,2,c,,,,,
,,M8,G,2,6,a,,,,,
,,M8,G,2,6,b ,,,,,
,,M8,G,2,6,c,,,,,
,,M8,G,2,12,a,,,,,
,,M8,G,2,12,b ,,,,,
,,M8,G,2,12,c,,,,,
,,M8,G,2,18,a,,,,,
,,M8,G,2,18,b ,,,,,
,,M8,G,2,18,c,,,,,
,,M8,G,2,24,a ,,,,,
,,M8,G,2,24,b ,,,,,
,,M8,G,2,24,c,,,,,
,,M8,G,2,48,a,,,,,
,,M8,G,2,48,b ,,,,,
,,M8,G,2,48,c,,,,,
,,M8,G,,,E-1 ,,,,,
,,M8,G,,,E-2 ,,,,,
,,M8,G,,,E-3 ,,,,,
,,M8,G,,,E-4 ,,,,,
,,M8,C,1,0.5,a,,,,,
,,M8,C,1,0.5,b ,,,,,
,,M8,C,1,0.5,c,,,,,
,,M8,C,1,2,a,,,,,
,,M8,C,1,2,b ,,,,,
,,M8,C,1,2,c,,,,,
,,M8,C,1,6,a,,,,,
,,M8,C,1,6,b ,,,,,
,,M8,C,1,6,c,,,,,
,,M8,C,1,12,a,,,,,
,,M8,C,1,12,b ,,,,,
,,M8,C,1,12,c,,,,,
,,M8,C,1,18,a,,,,,
,,M8,C,1,18,b ,,,,,
,,M8,C,1,18,c,,,,,
,,M8,C,1,24,a ,,,,,
,,M8,C,1,24,b ,,,,,
,,M8,C,1,24,c,,,,,
,,M8,C,1,48,a,,,,,
,,M8,C,1,48,b ,,,,,
,,M8,C,1,48,c,,,,,
,,M8,C,2,0.5,a,,,,,
,,M8,C,2,0.5,b ,,,,,
,,M8,C,2,0.5,c,,,,,
,,M8,C,2,2,a,,,,,
,,M8,C,2,2,b ,,,,,
,,M8,C,2,2,c,,,,,
,,M8,C,2,6,a,,,,,
,,M8,C,2,6,b ,,,,,
,,M8,C,2,6,c,,,,,
,,M8,C,2,12,a,,,,,
,,M8,C,2,12,b ,,,,,
,,M8,C,2,12,c,,,,,
,,M8,C,2,18,a,,,,,
,,M8,C,2,18,b ,,,,,
,,M8,C,2,18,c,,,,,
,,M8,C,2,24,a ,,,,,
,,M8,C,2,24,b ,,,,,
,,M8,C,2,24,c,,,,,
,,M8,C,2,48,a,,,,,
,,M8,C,2,48,b ,,,,,
,,M8,C,2,48,c,,,,,
,,M8,C,,,E-1 ,,,,,
,,M8,C,,,E-2 ,,,,,
,,M8,C,,,E-3 ,,,,,
,,M8,C,,,E-4 ,,,,,
,,M8,S,1,0.5,a,,,,,
,,M8,S,1,0.5,b ,,,,,
,,M8,S,1,0.5,c,,,,,
,,M8,S,1,2,a,,,,,
,,M8,S,1,2,b ,,,,,
,,M8,S,1,2,c,,,,,
,,M8,S,1,6,a,,,,,
,,M8,S,1,6,b ,,,,,
,,M8,S,1,6,c,,,,,
,,M8,S,1,12,a,,,,,
,,M8,S,1,12,b ,,,,,
,,M8,S,1,12,c,,,,,
,,M8,S,1,18,a,,,,,
,,M8,S,1,18,b ,,,,,
,,M8,S,1,18,c,,,,,
,,M8,S,1,24,a ,,,,,
,,M8,S,1,24,b ,,,,,
,,M8,S,1,24,c,,,,,
,,M8,S,1,48,a,,,,,
,,M8,S,1,48,b ,,,,,
,,M8,S,1,48,c,,,,,
,,M8,S,2,0.5,a,,,,,
,,M8,S,2,0.5,b ,,,,,
,,M8,S,2,0.5,c,,,,,
,,M8,S,2,2,a,,,,,
,,M8,S,2,2,b ,,,,,
,,M8,S,2,2,c,,,,,
,,M8,S,2,6,a,,,,,
,,M8,S,2,6,b ,,,,,
,,M8,S,2,6,c,,,,,
,,M8,S,2,12,a,,,,,
,,M8,S,2,12,b ,,,,,
,,M8,S,2,12,c,,,,,
,,M8,S,2,18,a,,,,,
,,M8,S,2,18,b ,,,,,
,,M8,S,2,18,c,,,,,
,,M8,S,2,24,a ,,,,,
,,M8,S,2,24,b ,,,,,
,,M8,S,2,24,c,,,,,
,,M8,S,2,48,a,,,,,
,,M8,S,2,48,b ,,,,,
,,M8,S,2,48,c,,,,,
,,M8,S,,,E-1 ,,,,,
,,M8,S,,,E-2 ,,,,,
,,M8,S,,,E-3 ,,,,,
,,M8,S,,,E-4 ,,,,,
,,M9,B,1,0.5,a ,,,,,
,,M9,B,1,0.5,b ,,,,,
,,M9,B,1,0.5,c,,,,,
,,M9,B,1,2,a ,,,,,
,,M9,B,1,2,b ,,,,,
,,M9,B,1,2,c,,,,,
,,M9,B,1,6,a ,,,,,
,,M9,B,1,6,b ,,,,,
,,M9,B,1,6,c,,,,,
,,M9,B,1,12,a ,,,,,
,,M9,B,1,12,b ,,,,,
,,M9,B,1,12,c,,,,,
,,M9,B,1,18,a ,,,,,
,,M9,B,1,18,b ,,,,,
,,M9,B,1,18,c ,,,,,
,,M9,B,1,24,a ,,,,,
,,M9,B,1,24,b ,,,,,
,,M9,B,1,24,c,,,,,
,,M9,B,1,48,a ,,,,,
,,M9,B,1,48,b ,,,,,
,,M9,B,1,48,c,,,,,
,,M9,B,2,0.5,a ,,,,,
,,M9,B,2,0.5,b ,,,,,
,,M9,B,2,0.5,c,,,,,
,,M9,B,2,2,a ,,,,,
,,M9,B,2,2,b ,,,,,
,,M9,B,2,2,c,,,,,
,,M9,B,2,6,a ,,,,,
,,M9,B,2,6,b ,,,,,
,,M9,B,2,6,c,,,,,
,,M9,B,2,12,a ,,,,,
,,M9,B,2,12,b ,,,,,
,,M9,B,2,12,c,,,,,
,,M9,B,2,18,a,,,,,
,,M9,B,2,18,b ,,,,,
,,M9,B,2,18,c,,,,,
,,M9,B,2,24,a ,,,,,
,,M9,B,2,24,b ,,,,,
,,M9,B,2,24,c,,,,,
,,M9,B,2,48,a ,,,,,
,,M9,B,2,48,b ,,,,,
,,M9,B,2,48,c,,,,,
,,M9,B,,,E1 ,,,,,
,,M9,B,,,E2 ,,,,,
,,M9,B,,,E3,,,,,
,,M9,B,,,E4 ,,,,,
,,M9,G,1,0.5,a,,,,,
,,M9,G,1,0.5,b ,,,,,
,,M9,G,1,0.5,c,,,,,
,,M9,G,1,2,a,,,,,
,,M9,G,1,2,b ,,,,,
,,M9,G,1,2,c,,,,,
,,M9,G,1,6,a,,,,,
,,M9,G,1,6,b ,,,,,
,,M9,G,1,6,c,,,,,
,,M9,G,1,12,a,,,,,
,,M9,G,1,12,b ,,,,,
,,M9,G,1,12,c,,,,,
,,M9,G,1,18,a,,,,,
,,M9,G,1,18,b ,,,,,
,,M9,G,1,18,c,,,,,
,,M9,G,1,24,a ,,,,,
,,M9,G,1,24,b ,,,,,
,,M9,G,1,24,c,,,,,
,,M9,G,1,48,a,,,,,
,,M9,G,1,48,b ,,,,,
,,M9,G,1,48,c,,,,,
,,M9,G,2,0.5,a,,,,,
,,M9,G,2,0.5,b ,,,,,
,,M9,G,2,0.5,c,,,,,
,,M9,G,2,2,a,,,,,
,,M9,G,2,2,b ,,,,,
,,M9,G,2,2,c,,,,,
,,M9,G,2,6,a,,,,,
,,M9,G,2,6,b ,,,,,
,,M9,G,2,6,c,,,,,
,,M9,G,2,12,a,,,,,
,,M9,G,2,12,b ,,,,,
,,M9,G,2,12,c,,,,,
,,M9,G,2,18,a,,,,,
,,M9,G,2,18,b ,,,,,
,,M9,G,2,18,c,,,,,
,,M9,G,2,24,a ,,,,,
,,M9,G,2,24,b ,,,,,
,,M9,G,2,24,c,,,,,
,,M9,G,2,48,a,,,,,
,,M9,G,2,48,b ,,,,,
,,M9,G,2,48,c,,,,,
,,M9,G,,,E-1 ,,,,,
,,M9,G,,,E-2 ,,,,,
,,M9,G,,,E-3 ,,,,,
,,M9,G,,,E-4 ,,,,,
,,M9,C,1,0.5,a,,,,,
,,M9,C,1,0.5,b ,,,,,
,,M9,C,1,0.5,c,,,,,
,,M9,C,1,2,a,,,,,
,,M9,C,1,2,b ,,,,,
,,M9,C,1,2,c,,,,,
,,M9,C,1,6,a,,,,,
,,M9,C,1,6,b ,,,,,
,,M9,C,1,6,c,,,,,
,,M9,C,1,12,a,,,,,
,,M9,C,1,12,b ,,,,,
,,M9,C,1,12,c,,,,,
,,M9,C,1,18,a,,,,,
,,M9,C,1,18,b ,,,,,
,,M9,C,1,18,c,,,,,
,,M9,C,1,24,a ,,,,,
,,M9,C,1,24,b ,,,,,
,,M9,C,1,24,c,,,,,
,,M9,C,1,48,a,,,,,
,,M9,C,1,48,b ,,,,,
,,M9,C,1,48,c,,,,,
,,M9,C,2,0.5,a,,,,,
,,M9,C,2,0.5,b ,,,,,
,,M9,C,2,0.5,c,,,,,
,,M9,C,2,2,a,,,,,
,,M9,C,2,2,b ,,,,,
,,M9,C,2,2,c,,,,,
,,M9,C,2,6,a,,,,,
,,M9,C,2,6,b ,,,,,
,,M9,C,2,6,c,,,,,
,,M9,C,2,12,a,,,,,
,,M9,C,2,12,b ,,,,,
,,M9,C,2,12,c,,,,,
,,M9,C,2,18,a,,,,,
,,M9,C,2,18,b ,,,,,
,,M9,C,2,18,c,,,,,
,,M9,C,2,24,a ,,,,,
,,M9,C,2,24,b ,,,,,
,,M9,C,2,24,c,,,,,
,,M9,C,2,48,a,,,,,
,,M9,C,2,48,b ,,,,,
,,M9,C,2,48,c,,,,,
,,M9,C,,,E-1 ,,,,,
,,M9,C,,,E-2 ,,,,,
,,M9,C,,,E-3 ,,,,,
,,M9,C,,,E-4 ,,,,,
,,M9,S,1,0.5,a,,,,,
,,M9,S,1,0.5,b ,,,,,
,,M9,S,1,0.5,c,,,,,
,,M9,S,1,2,a,,,,,
,,M9,S,1,2,b ,,,,,
,,M9,S,1,2,c,,,,,
,,M9,S,1,6,a,,,,,
,,M9,S,1,6,b ,,,,,
,,M9,S,1,6,c,,,,,
,,M9,S,1,12,a,,,,,
,,M9,S,1,12,b ,,,,,
,,M9,S,1,12,c,,,,,
,,M9,S,1,18,a,,,,,
,,M9,S,1,18,b ,,,,,
,,M9,S,1,18,c,,,,,
,,M9,S,1,24,a ,,,,,
,,M9,S,1,24,b ,,,,,
,,M9,S,1,24,c,,,,,
,,M9,S,1,48,a,,,,,
,,M9,S,1,48,b ,,,,,
,,M9,S,1,48,c,,,,,
,,M9,S,2,0.5,a,,,,,
,,M9,S,2,0.5,b ,,,,,
,,M9,S,2,0.5,c,,,,,
,,M9,S,2,2,a,,,,,
,,M9,S,2,2,b ,,,,,
,,M9,S,2,2,c,,,,,
,,M9,S,2,6,a,,,,,
,,M9,S,2,6,b ,,,,,
,,M9,S,2,6,c,,,,,
,,M9,S,2,12,a,,,,,
,,M9,S,2,12,b ,,,,,
,,M9,S,2,12,c,,,,,
,,M9,S,2,18,a,,,,,
,,M9,S,2,18,b ,,,,,
,,M9,S,2,18,c,,,,,
,,M9,S,2,24,a ,,,,,
,,M9,S,2,24,b ,,,,,
,,M9,S,2,24,c,,,,,
,,M9,S,2,48,a,,,,,
,,M9,S,2,48,b ,,,,,
,,M9,S,2,48,c,,,,,
,,M9,S,,,E-1 ,,,,,
,,M9,S,,,E-2 ,,,,,
,,M9,S,,,E-3 ,,,,,
,,M9,S,,,E-4 ,,,,,
,,M10,B,1,0.5,a ,,,,,
,,M10,B,1,0.5,b ,,,,,
,,M10,B,1,0.5,c,,,,,
,,M10,B,1,2,a ,,,,,
,,M10,B,1,2,b ,,,,,
,,M10,B,1,2,c,,,,,
,,M10,B,1,6,a ,,,,,
,,M10,B,1,6,b ,,,,,
,,M10,B,1,6,c,,,,,
,,M10,B,1,12,a ,,,,,
,,M10,B,1,12,b ,,,,,
,,M10,B,1,12,c,,,,,
,,M10,B,1,18,a ,,,,,
,,M10,B,1,18,b ,,,,,
,,M10,B,1,18,c ,,,,,
,,M10,B,1,24,a ,,,,,
,,M10,B,1,24,b ,,,,,
,,M10,B,1,24,c,,,,,
,,M10,B,1,48,a ,,,,,
,,M10,B,1,48,b ,,,,,
,,M10,B,1,48,c,,,,,
,,M10,B,2,0.5,a ,,,,,
,,M10,B,2,0.5,b ,,,,,
,,M10,B,2,0.5,c,,,,,
,,M10,B,2,2,a ,,,,,
,,M10,B,2,2,b ,,,,,
,,M10,B,2,2,c,,,,,
,,M10,B,2,6,a ,,,,,
,,M10,B,2,6,b ,,,,,
,,M10,B,2,6,c,,,,,
,,M10,B,2,12,a ,,,,,
,,M10,B,2,12,b ,,,,,
,,M10,B,2,12,c,,,,,
,,M10,B,2,18,a,,,,,
,,M10,B,2,18,b ,,,,,
,,M10,B,2,18,c,,,,,
,,M10,B,2,24,a ,,,,,
,,M10,B,2,24,b ,,,,,
,,M10,B,2,24,c,,,,,
,,M10,B,2,48,a ,,,,,
,,M10,B,2,48,b ,,,,,
,,M10,B,2,48,c,,,,,
,,M10,B,,,E1 ,,,,,
,,M10,B,,,E2 ,,,,,
,,M10,B,,,E3,,,,,
,,M10,B,,,E4 ,,,,,
,,M10,G,1,0.5,a,,,,,
,,M10,G,1,0.5,b ,,,,,
,,M10,G,1,0.5,c,,,,,
,,M10,G,1,2,a,,,,,
,,M10,G,1,2,b ,,,,,
,,M10,G,1,2,c,,,,,
,,M10,G,1,6,a,,,,,
,,M10,G,1,6,b ,,,,,
,,M10,G,1,6,c,,,,,
,,M10,G,1,12,a,,,,,
,,M10,G,1,12,b ,,,,,
,,M10,G,1,12,c,,,,,
,,M10,G,1,18,a,,,,,
,,M10,G,1,18,b ,,,,,
,,M10,G,1,18,c,,,,,
,,M10,G,1,24,a ,,,,,
,,M10,G,1,24,b ,,,,,
,,M10,G,1,24,c,,,,,
,,M10,G,1,48,a,,,,,
,,M10,G,1,48,b ,,,,,
,,M10,G,1,48,c,,,,,
,,M10,G,2,0.5,a,,,,,
,,M10,G,2,0.5,b ,,,,,
,,M10,G,2,0.5,c,,,,,
,,M10,G,2,2,a,,,,,
,,M10,G,2,2,b ,,,,,
,,M10,G,2,2,c,,,,,
,,M10,G,2,6,a,,,,,
,,M10,G,2,6,b ,,,,,
,,M10,G,2,6,c,,,,,
,,M10,G,2,12,a,,,,,
,,M10,G,2,12,b ,,,,,
,,M10,G,2,12,c,,,,,
,,M10,G,2,18,a,,,,,
,,M10,G,2,18,b ,,,,,
,,M10,G,2,18,c,,,,,
,,M10,G,2,24,a ,,,,,
,,M10,G,2,24,b ,,,,,
,,M10,G,2,24,c,,,,,
,,M10,G,2,48,a,,,,,
,,M10,G,2,48,b ,,,,,
,,M10,G,2,48,c,,,,,
,,M10,G,,,E-1 ,,,,,
,,M10,G,,,E-2 ,,,,,
,,M10,G,,,E-3 ,,,,,
,,M10,G,,,E-4 ,,,,,
,,M10,C,1,0.5,a,,,,,
,,M10,C,1,0.5,b ,,,,,
,,M10,C,1,0.5,c,,,,,
,,M10,C,1,2,a,,,,,
,,M10,C,1,2,b ,,,,,
,,M10,C,1,2,c,,,,,
,,M10,C,1,6,a,,,,,
,,M10,C,1,6,b ,,,,,
,,M10,C,1,6,c,,,,,
,,M10,C,1,12,a,,,,,
,,M10,C,1,12,b ,,,,,
,,M10,C,1,12,c,,,,,
,,M10,C,1,18,a,,,,,
,,M10,C,1,18,b ,,,,,
,,M10,C,1,18,c,,,,,
,,M10,C,1,24,a ,,,,,
,,M10,C,1,24,b ,,,,,
,,M10,C,1,24,c,,,,,
,,M10,C,1,48,a,,,,,
,,M10,C,1,48,b ,,,,,
,,M10,C,1,48,c,,,,,
,,M10,C,2,0.5,a,,,,,
,,M10,C,2,0.5,b ,,,,,
,,M10,C,2,0.5,c,,,,,
,,M10,C,2,2,a,,,,,
,,M10,C,2,2,b ,,,,,
,,M10,C,2,2,c,,,,,
,,M10,C,2,6,a,,,,,
,,M10,C,2,6,b ,,,,,
,,M10,C,2,6,c,,,,,
,,M10,C,2,12,a,,,,,
,,M10,C,2,12,b ,,,,,
,,M10,C,2,12,c,,,,,
,,M10,C,2,18,a,,,,,
,,M10,C,2,18,b ,,,,,
,,M10,C,2,18,c,,,,,
,,M10,C,2,24,a ,,,,,
,,M10,C,2,24,b ,,,,,
,,M10,C,2,24,c,,,,,
,,M10,C,2,48,a,,,,,
,,M10,C,2,48,b ,,,,,
,,M10,C,2,48,c,,,,,
,,M10,C,,,E-1 ,,,,,
,,M10,C,,,E-2 ,,,,,
,,M10,C,,,E-3 ,,,,,
,,M10,C,,,E-4 ,,,,,
,,M10,S,1,0.5,a,,,,,
,,M10,S,1,0.5,b ,,,,,
,,M10,S,1,0.5,c,,,,,
,,M10,S,1,2,a,,,,,
,,M10,S,1,2,b ,,,,,
,,M10,S,1,2,c,,,,,
,,M10,S,1,6,a,,,,,
,,M10,S,1,6,b ,,,,,
,,M10,S,1,6,c,,,,,
,,M10,S,1,12,a,,,,,
,,M10,S,1,12,b ,,,,,
,,M10,S,1,12,c,,,,,
,,M10,S,1,18,a,,,,,
,,M10,S,1,18,b ,,,,,
,,M10,S,1,18,c,,,,,
,,M10,S,1,24,a ,,,,,
,,M10,S,1,24,b ,,,,,
,,M10,S,1,24,c,,,,,
,,M10,S,1,48,a,,,,,
,,M10,S,1,48,b ,,,,,
,,M10,S,1,48,c,,,,,
,,M10,S,2,0.5,a,,,,,
,,M10,S,2,0.5,b ,,,,,
,,M10,S,2,0.5,c,,,,,
,,M10,S,2,2,a,,,,,
,,M10,S,2,2,b ,,,,,
,,M10,S,2,2,c,,,,,
,,M10,S,2,6,a,,,,,
,,M10,S,2,6,b ,,,,,
,,M10,S,2,6,c,,,,,
,,M10,S,2,12,a,,,,,
,,M10,S,2,12,b ,,,,,
,,M10,S,2,12,c,,,,,
,,M10,S,2,18,a,,,,,
,,M10,S,2,18,b ,,,,,
,,M10,S,2,18,c,,,,,
,,M10,S,2,24,a ,,,,,
,,M10,S,2,24,b ,,,,,
,,M10,S,2,24,c,,,,,
,,M10,S,2,48,a,,,,,
,,M10,S,2,48,b ,,,,,
,,M10,S,2,48,c,,,,,
,,M10,S,,,E-1 ,,,,,
,,M10,S,,,E-2 ,,,,,
,,M10,S,,,E-3 ,,,,,
,,M10,S,,,E-4 ,,,,,
,,M11,B,1,0.5,a ,,,,,
,,M11,B,1,0.5,b ,,,,,
,,M11,B,1,0.5,c,,,,,
,,M11,B,1,2,a ,,,,,
,,M11,B,1,2,b ,,,,,
,,M11,B,1,2,c,,,,,
,,M11,B,1,6,a ,,,,,
,,M11,B,1,6,b ,,,,,
,,M11,B,1,6,c,,,,,
,,M11,B,1,12,a ,,,,,
,,M11,B,1,12,b ,,,,,
,,M11,B,1,12,c,,,,,
,,M11,B,1,18,a ,,,,,
,,M11,B,1,18,b ,,,,,
,,M11,B,1,18,c ,,,,,
,,M11,B,1,24,a ,,,,,
,,M11,B,1,24,b ,,,,,
,,M11,B,1,24,c,,,,,
,,M11,B,1,48,a ,,,,,
,,M11,B,1,48,b ,,,,,
,,M11,B,1,48,c,,,,,
,,M11,B,2,0.5,a ,,,,,
,,M11,B,2,0.5,b ,,,,,
,,M11,B,2,0.5,c,,,,,
,,M11,B,2,2,a ,,,,,
,,M11,B,2,2,b ,,,,,
,,M11,B,2,2,c,,,,,
,,M11,B,2,6,a ,,,,,
,,M11,B,2,6,b ,,,,,
,,M11,B,2,6,c,,,,,
,,M11,B,2,12,a ,,,,,
,,M11,B,2,12,b ,,,,,
,,M11,B,2,12,c,,,,,
,,M11,B,2,18,a,,,,,
,,M11,B,2,18,b ,,,,,
,,M11,B,2,18,c,,,,,
,,M11,B,2,24,a ,,,,,
,,M11,B,2,24,b ,,,,,
,,M11,B,2,24,c,,,,,
,,M11,B,2,48,a ,,,,,
,,M11,B,2,48,b ,,,,,
,,M11,B,2,48,c,,,,,
,,M11,B,,,E1 ,,,,,
,,M11,B,,,E2 ,,,,,
,,M11,B,,,E3,,,,,
,,M11,B,,,E4 ,,,,,
,,M11,G,1,0.5,a,,,,,
,,M11,G,1,0.5,b ,,,,,
,,M11,G,1,0.5,c,,,,,
,,M11,G,1,2,a,,,,,
,,M11,G,1,2,b ,,,,,
,,M11,G,1,2,c,,,,,
,,M11,G,1,6,a,,,,,
,,M11,G,1,6,b ,,,,,
,,M11,G,1,6,c,,,,,
,,M11,G,1,12,a,,,,,
,,M11,G,1,12,b ,,,,,
,,M11,G,1,12,c,,,,,
,,M11,G,1,18,a,,,,,
,,M11,G,1,18,b ,,,,,
,,M11,G,1,18,c,,,,,
,,M11,G,1,24,a ,,,,,
,,M11,G,1,24,b ,,,,,
,,M11,G,1,24,c,,,,,
,,M11,G,1,48,a,,,,,
,,M11,G,1,48,b ,,,,,
,,M11,G,1,48,c,,,,,
,,M11,G,2,0.5,a,,,,,
,,M11,G,2,0.5,b ,,,,,
,,M11,G,2,0.5,c,,,,,
,,M11,G,2,2,a,,,,,
,,M11,G,2,2,b ,,,,,
,,M11,G,2,2,c,,,,,
,,M11,G,2,6,a,,,,,
,,M11,G,2,6,b ,,,,,
,,M11,G,2,6,c,,,,,
,,M11,G,2,12,a,,,,,
,,M11,G,2,12,b ,,,,,
,,M11,G,2,12,c,,,,,
,,M11,G,2,18,a,,,,,
,,M11,G,2,18,b ,,,,,
,,M11,G,2,18,c,,,,,
,,M11,G,2,24,a ,,,,,
,,M11,G,2,24,b ,,,,,
,,M11,G,2,24,c,,,,,
,,M11,G,2,48,a,,,,,
,,M11,G,2,48,b ,,,,,
,,M11,G,2,48,c,,,,,
,,M11,G,,,E-1 ,,,,,
,,M11,G,,,E-2 ,,,,,
,,M11,G,,,E-3 ,,,,,
,,M11,G,,,E-4 ,,,,,
,,M11,C,1,0.5,a,,,,,
,,M11,C,1,0.5,b ,,,,,
,,M11,C,1,0.5,c,,,,,
,,M11,C,1,2,a,,,,,
,,M11,C,1,2,b ,,,,,
,,M11,C,1,2,c,,,,,
,,M11,C,1,6,a,,,,,
,,M11,C,1,6,b ,,,,,
,,M11,C,1,6,c,,,,,
,,M11,C,1,12,a,,,,,
,,M11,C,1,12,b ,,,,,
,,M11,C,1,12,c,,,,,
,,M11,C,1,18,a,,,,,
,,M11,C,1,18,b ,,,,,
,,M11,C,1,18,c,,,,,
,,M11,C,1,24,a ,,,,,
,,M11,C,1,24,b ,,,,,
,,M11,C,1,24,c,,,,,
,,M11,C,1,48,a,,,,,
,,M11,C,1,48,b ,,,,,
,,M11,C,1,48,c,,,,,
,,M11,C,2,0.5,a,,,,,
,,M11,C,2,0.5,b ,,,,,
,,M11,C,2,0.5,c,,,,,
,,M11,C,2,2,a,,,,,
,,M11,C,2,2,b ,,,,,
,,M11,C,2,2,c,,,,,
,,M11,C,2,6,a,,,,,
,,M11,C,2,6,b ,,,,,
,,M11,C,2,6,c,,,,,
,,M11,C,2,12,a,,,,,
,,M11,C,2,12,b ,,,,,
,,M11,C,2,12,c,,,,,
,,M11,C,2,18,a,,,,,
,,M11,C,2,18,b ,,,,,
,,M11,C,2,18,c,,,,,
,,M11,C,2,24,a ,,,,,
,,M11,C,2,24,b ,,,,,
,,M11,C,2,24,c,,,,,
,,M11,C,2,48,a,,,,,
,,M11,C,2,48,b ,,,,,
,,M11,C,2,48,c,,,,,
,,M11,C,,,E-1 ,,,,,
,,M11,C,,,E-2 ,,,,,
,,M11,C,,,E-3 ,,,,,
,,M11,C,,,E-4 ,,,,,
,,M11,S,1,0.5,a,,,,,
,,M11,S,1,0.5,b ,,,,,
,,M11,S,1,0.5,c,,,,,
,,M11,S,1,2,a,,,,,
,,M11,S,1,2,b ,,,,,
,,M11,S,1,2,c,,,,,
,,M11,S,1,6,a,,,,,
,,M11,S,1,6,b ,,,,,
,,M11,S,1,6,c,,,,,
,,M11,S,1,12,a,,,,,
,,M11,S,1,12,b ,,,,,
,,M11,S,1,12,c,,,,,
,,M11,S,1,18,a,,,,,
,,M11,S,1,18,b ,,,,,
,,M11,S,1,18,c,,,,,
,,M11,S,1,24,a ,,,,,
,,M11,S,1,24,b ,,,,,
,,M11,S,1,24,c,,,,,
,,M11,S,1,48,a,,,,,
,,M11,S,1,48,b ,,,,,
,,M11,S,1,48,c,,,,,
,,M11,S,2,0.5,a,,,,,
,,M11,S,2,0.5,b ,,,,,
,,M11,S,2,0.5,c,,,,,
,,M11,S,2,2,a,,,,,
,,M11,S,2,2,b ,,,,,
,,M11,S,2,2,c,,,,,
,,M11,S,2,6,a,,,,,
,,M11,S,2,6,b ,,,,,
,,M11,S,2,6,c,,,,,
,,M11,S,2,12,a,,,,,
,,M11,S,2,12,b ,,,,,
,,M11,S,2,12,c,,,,,
,,M11,S,2,18,a,,,,,
,,M11,S,2,18,b ,,,,,
,,M11,S,2,18,c,,,,,
,,M11,S,2,24,a ,,,,,
,,M11,S,2,24,b ,,,,,
,,M11,S,2,24,c,,,,,
,,M11,S,2,48,a,,,,,
,,M11,S,2,48,b ,,,,,
,,M11,S,2,48,c,,,,,
,,M11,S,,,E-1 ,,,,,
,,M11,S,,,E-2 ,,,,,
,,M11,S,,,E-3 ,,,,,
,,M11,S,,,E-4 ,,,,,
,,M12,B,1,0.5,a ,,,,,
,,M12,B,1,0.5,b ,,,,,
,,M12,B,1,0.5,c,,,,,
,,M12,B,1,2,a ,,,,,
,,M12,B,1,2,b ,,,,,
,,M12,B,1,2,c,,,,,
,,M12,B,1,6,a ,,,,,
,,M12,B,1,6,b ,,,,,
,,M12,B,1,6,c,,,,,
,,M12,B,1,12,a ,,,,,
,,M12,B,1,12,b ,,,,,
,,M12,B,1,12,c,,,,,
,,M12,B,1,18,a ,,,,,
,,M12,B,1,18,b ,,,,,
,,M12,B,1,18,c ,,,,,
,,M12,B,1,24,a ,,,,,
,,M12,B,1,24,b ,,,,,
,,M12,B,1,24,c,,,,,
,,M12,B,1,48,a ,,,,,
,,M12,B,1,48,b ,,,,,
,,M12,B,1,48,c,,,,,
,,M12,B,2,0.5,a ,,,,,
,,M12,B,2,0.5,b ,,,,,
,,M12,B,2,0.5,c,,,,,
,,M12,B,2,2,a ,,,,,
,,M12,B,2,2,b ,,,,,
,,M12,B,2,2,c,,,,,
,,M12,B,2,6,a ,,,,,
,,M12,B,2,6,b ,,,,,
,,M12,B,2,6,c,,,,,
,,M12,B,2,12,a ,,,,,
,,M12,B,2,12,b ,,,,,
,,M12,B,2,12,c,,,,,
,,M12,B,2,18,a,,,,,
,,M12,B,2,18,b ,,,,,
,,M12,B,2,18,c,,,,,
,,M12,B,2,24,a ,,,,,
,,M12,B,2,24,b ,,,,,
,,M12,B,2,24,c,,,,,
,,M12,B,2,48,a ,,,,,
,,M12,B,2,48,b ,,,,,
,,M12,B,2,48,c,,,,,
,,M12,B,,,E1 ,,,,,
,,M12,B,,,E2 ,,,,,
,,M12,B,,,E3,,,,,
,,M12,B,,,E4 ,,,,,
,,M12,G,1,0.5,a,,,,,
,,M12,G,1,0.5,b ,,,,,
,,M12,G,1,0.5,c,,,,,
,,M12,G,1,2,a,,,,,
,,M12,G,1,2,b ,,,,,
,,M12,G,1,2,c,,,,,
,,M12,G,1,6,a,,,,,
,,M12,G,1,6,b ,,,,,
,,M12,G,1,6,c,,,,,
,,M12,G,1,12,a,,,,,
,,M12,G,1,12,b ,,,,,
,,M12,G,1,12,c,,,,,
,,M12,G,1,18,a,,,,,
,,M12,G,1,18,b ,,,,,
,,M12,G,1,18,c,,,,,
,,M12,G,1,24,a ,,,,,
,,M12,G,1,24,b ,,,,,
,,M12,G,1,24,c,,,,,
,,M12,G,1,48,a,,,,,
,,M12,G,1,48,b ,,,,,
,,M12,G,1,48,c,,,,,
,,M12,G,2,0.5,a,,,,,
,,M12,G,2,0.5,b ,,,,,
,,M12,G,2,0.5,c,,,,,
,,M12,G,2,2,a,,,,,
,,M12,G,2,2,b ,,,,,
,,M12,G,2,2,c,,,,,
,,M12,G,2,6,a,,,,,
,,M12,G,2,6,b ,,,,,
,,M12,G,2,6,c,,,,,
,,M12,G,2,12,a,,,,,
,,M12,G,2,12,b ,,,,,
,,M12,G,2,12,c,,,,,
,,M12,G,2,18,a,,,,,
,,M12,G,2,18,b ,,,,,
,,M12,G,2,18,c,,,,,
,,M12,G,2,24,a ,,,,,
,,M12,G,2,24,b ,,,,,
,,M12,G,2,24,c,,,,,
,,M12,G,2,48,a,,,,,
,,M12,G,2,48,b ,,,,,
,,M12,G,2,48,c,,,,,
,,M12,G,,,E-1 ,,,,,
,,M12,G,,,E-2 ,,,,,
,,M12,G,,,E-3 ,,,,,
,,M12,G,,,E-4 ,,,,,
,,M12,C,1,0.5,a,,,,,
,,M12,C,1,0.5,b ,,,,,
,,M12,C,1,0.5,c,,,,,
,,M12,C,1,2,a,,,,,
,,M12,C,1,2,b ,,,,,
,,M12,C,1,2,c,,,,,
,,M12,C,1,6,a,,,,,
,,M12,C,1,6,b ,,,,,
,,M12,C,1,6,c,,,,,
,,M12,C,1,12,a,,,,,
,,M12,C,1,12,b ,,,,,
,,M12,C,1,12,c,,,,,
,,M12,C,1,18,a,,,,,
,,M12,C,1,18,b ,,,,,
,,M12,C,1,18,c,,,,,
,,M12,C,1,24,a ,,,,,
,,M12,C,1,24,b ,,,,,
,,M12,C,1,24,c,,,,,
,,M12,C,1,48,a,,,,,
,,M12,C,1,48,b ,,,,,
,,M12,C,1,48,c,,,,,
,,M12,C,2,0.5,a,,,,,
,,M12,C,2,0.5,b ,,,,,
,,M12,C,2,0.5,c,,,,,
,,M12,C,2,2,a,,,,,
,,M12,C,2,2,b ,,,,,
,,M12,C,2,2,c,,,,,
,,M12,C,2,6,a,,,,,
,,M12,C,2,6,b ,,,,,
,,M12,C,2,6,c,,,,,
,,M12,C,2,12,a,,,,,
,,M12,C,2,12,b ,,,,,
,,M12,C,2,12,c,,,,,
,,M12,C,2,18,a,,,,,
,,M12,C,2,18,b ,,,,,
,,M12,C,2,18,c,,,,,
,,M12,C,2,24,a ,,,,,
,,M12,C,2,24,b ,,,,,
,,M12,C,2,24,c,,,,,
,,M12,C,2,48,a,,,,,
,,M12,C,2,48,b ,,,,,
,,M12,C,2,48,c,,,,,
,,M12,C,,,E-1 ,,,,,
,,M12,C,,,E-2 ,,,,,
,,M12,C,,,E-3 ,,,,,
,,M12,C,,,E-4 ,,,,,
,,M12,S,1,0.5,a,,,,,
,,M12,S,1,0.5,b ,,,,,
,,M12,S,1,0.5,c,,,,,
,,M12,S,1,2,a,,,,,
,,M12,S,1,2,b ,,,,,
,,M12,S,1,2,c,,,,,
,,M12,S,1,6,a,,,,,
,,M12,S,1,6,b ,,,,,
,,M12,S,1,6,c,,,,,
,,M12,S,1,12,a,,,,,
,,M12,S,1,12,b ,,,,,
,,M12,S,1,12,c,,,,,
,,M12,S,1,18,a,,,,,
,,M12,S,1,18,b ,,,,,
,,M12,S,1,18,c,,,,,
,,M12,S,1,24,a ,,,,,
,,M12,S,1,24,b ,,,,,
,,M12,S,1,24,c,,,,,
,,M12,S,1,48,a,,,,,
,,M12,S,1,48,b ,,,,,
,,M12,S,1,48,c,,,,,
,,M12,S,2,0.5,a,,,,,
,,M12,S,2,0.5,b ,,,,,
,,M12,S,2,0.5,c,,,,,
,,M12,S,2,2,a,,,,,
,,M12,S,2,2,b ,,,,,
,,M12,S,2,2,c,,,,,
,,M12,S,2,6,a,,,,,
,,M12,S,2,6,b ,,,,,
,,M12,S,2,6,c,,,,,
,,M12,S,2,12,a,,,,,
,,M12,S,2,12,b ,,,,,
,,M12,S,2,12,c,,,,,
,,M12,S,2,18,a,,,,,
,,M12,S,2,18,b ,,,,,
,,M12,S,2,18,c,,,,,
,,M12,S,2,24,a ,,,,,
,,M12,S,2,24,b ,,,,,
,,M12,S,2,24,c,,,,,
,,M12,S,2,48,a,,,,,
,,M12,S,2,48,b ,,,,,
,,M12,S,2,48,c,,,,,
,,M12,S,,,E-1 ,,,,,
,,M12,S,,,E-2 ,,,,,
,,M12,S,,,E-3 ,,,,,
,,M12,S,,,E-4 ,,,,,
